kode_kbli,source_file,page,no,judul_kbli,ruang_lingkup,skala_usaha,tingkat_risiko,perizinan_berusaha,persyaratan,jangka_waktu_penerbitan,kewajiban,pb_uu_ikm,parameter,kewenangan
46441,2.10 Lampiran I.J sd. I.P PP Nomor 28 Tahun 2025.pdf,1,1,Perdaga-,P,edagang,Mikro Tinggi N,IB dan Izin l.D,o,kumen,4 Hari l.,Memiliki,-,Sertifikat Seluruh
46442,2.10 Lampiran I.J sd. I.P PP Nomor 28 Tahun 2025.pdf,12,2,Perdagang-,P,edagang,-,Mikro,Mene-,N,IB dan 1.,Data rencana,4 Hari 1.,Surat izin
46443,2.10 Lampiran I.J sd. I.P PP Nomor 28 Tahun 2025.pdf,19,a,Perdagang-,P,edagang,-,Mikro,Mene-,N,IB dan 1.,Data rencana,4 Hari 1.,Surat izin
46447,2.10 Lampiran I.J sd. I.P PP Nomor 28 Tahun 2025.pdf,22,4,Perdagang-,P,edagang,-,Mikro,Tinggi NIB dan Izin l.D,okumen,4 Hai l.,Memiliki,Sertifikat,
46448,2.10 Lampiran I.J sd. I.P PP Nomor 28 Tahun 2025.pdf,27,5,Perdagang-,Perdagang-,-,Mikro,Mene-,NIB dan 1.,Data rencana,4 Hari l.,Surat izin,Penetapan,
46691,2.10 Lampiran I.J sd. I.P PP Nomor 28 Tahun 2025.pdf,28,6,Perdagang-,D,istributor,Mikro,Tinggi NIB dan Izin l.A,dministrasi,7 Hai l.P,- enanggung,Izin Eda,,
47721,2.10 Lampiran I.J sd. I.P PP Nomor 28 Tahun 2025.pdf,37,7,Perdagang- A,potek,Mikro,Mene-,N,IB dan l.,Denah,9 Hari l.,Menyampaikan,Pe,netapan
47722,2.10 Lampiran I.J sd. I.P PP Nomor 28 Tahun 2025.pdf,38,8,Perdagang- T,oko Obat,-,Mikro,Mene-,NIB dan,Otomatis 1.,Setelah,Penetapan,,
47723,2.10 Lampiran I.J sd. I.P PP Nomor 28 Tahun 2025.pdf,39,9,Perdagang-,T,oko Obat,-,Mikro,Mene-,NIB dan,Otomatis l.,Melaksanakan,Penetapan Seluruh,Bupati/
47724,2.10 Lampiran I.J sd. I.P PP Nomor 28 Tahun 2025.pdf,40,10,Perdagang- T,oko,-,Mikro,Mene-,N,IB dan,Otomatis l.,Melaksanakan -,lzinEdar,
47725,2.10 Lampiran I.J sd. I.P PP Nomor 28 Tahun 2025.pdf,42,11,Perdagang- T,oko Alat,Mikro,Mene-,NIB dan,Otomatis l.Me,ny,- ediakan,Sertifikat Seluruh,Bupati/,
47842,2.10 Lampiran I.J sd. I.P PP Nomor 28 Tahun 2025.pdf,44,t2,Perdagang- Ip,s Pasar,Mikro,Mene-,NIB dan,Otomatis 1.,Setelah,Penetapan,,,
47843,2.10 Lampiran I.J sd. I.P PP Nomor 28 Tahun 2025.pdf,45,13,Perdagang-,Pedagang,Mikro,Mene-,NIB dan,Otomatis,1.,Melaksanakan,Penetapan,,
47844,2.10 Lampiran I.J sd. I.P PP Nomor 28 Tahun 2025.pdf,46,l4,Perdagang-,Pedagang,-,Mikro,Mene-,N,IB dan,Otomatis 1.,Melaksanakan,Surat,
56305,2.10 Lampiran I.J sd. I.P PP Nomor 28 Tahun 2025.pdf,47,15,Rumah/ K,edai,-,Mikro,Mene-,N,IB dan,Otomatis l.,Melaksanakan,,
44523,2.10 Lampiran I.J sd. I.P PP Nomor 28 Tahun 2025.pdf,47,No 1,,,,,,,,,,,
86101,2.10 Lampiran I.J sd. I.P PP Nomor 28 Tahun 2025.pdf,53,18,Aktivitas,R,umah Be,sar,Tinggi N,IB dan Izin,1.,Administrasi,28 Hari,1.,Mendapatkan
86103,2.10 Lampiran I.J sd. I.P PP Nomor 28 Tahun 2025.pdf,70,19,Aktivitas,R,umah Be,sar,Tinggi NIB dan Izin 1.,Administrasi,28Hai,- Mendapatkan,Peneta-,Seluruh,Bupati/
86104,2.10 Lampiran I.J sd. I.P PP Nomor 28 Tahun 2025.pdf,85,20,Aktivitas,S,eluruh,-,Mikro,Mene-,N,IB dan,1.,Profil klinik,25 Hari 1.
86105,2.10 Lampiran I.J sd. I.P PP Nomor 28 Tahun 2025.pdf,88,2t,Aktivitas,S,eluruh,-,Mikro,Mene-,N,IB dan,1. Profil,klinik,25 Hari
86901,2.10 Lampiran I.J sd. I.P PP Nomor 28 Tahun 2025.pdf,96,22,Aktivitas G,riya Sehat,Mikro,Mene-,NI,B dan,1.,Prof,il Griya,10 Hari,Melakukan
44572,2.10 Lampiran I.J sd. I.P PP Nomor 28 Tahun 2025.pdf,96,No 1,,,,,,,,,,,
86902,2.10 Lampiran I.J sd. I.P PP Nomor 28 Tahun 2025.pdf,97,23,Aktivitas P,anti Sehat,Mikro,Mene-,NIB dan,l,Prohl Panti,10 Hari,l.,Melakukan,
86903,2.10 Lampiran I.J sd. I.P PP Nomor 28 Tahun 2025.pdf,98,24,Aktivitas,R,umah,Mikro,Mene-,NI,B dan 1.,Administrasi,28 Hari,1.,Mendapatkan 1.
86904,2.10 Lampiran I.J sd. I.P PP Nomor 28 Tahun 2025.pdf,113,25,Aktivitas E,vakuasi,-,Mikro,Mene-,N,IB dan 1.,Administrasi,28Hai,Pelaporan Seluruh,Menteri/
44589,2.10 Lampiran I.J sd. I.P PP Nomor 28 Tahun 2025.pdf,113,No 1,,,,,,,,,,,
85322,2.10 Lampiran I.J sd. I.P PP Nomor 28 Tahun 2025.pdf,118,3,P,endidi-,P,endirian,-,Mikro,NIB Tinggi dan,1.,Struktur or-,13 Hari,Melaporkan
59132,2.10 Lampiran I.J sd. I.P PP Nomor 28 Tahun 2025.pdf,121,6,Aktivitas S,eluruh,,Mikro,Rendah NIB,Otomatis,l.,Menerapkan -,Surat Seluruh,Menteri/,
59140,2.10 Lampiran I.J sd. I.P PP Nomor 28 Tahun 2025.pdf,121,7,Aktivitas S,eluruh,-,Mikro,Rendah NIB,Otomatis,l.,Menerapkan,Seluruh,Menteri/,
77220,2.10 Lampiran I.J sd. I.P PP Nomor 28 Tahun 2025.pdf,122,8,Aktivitas S,eluruh,-,Mikro,Rendah NIB,Otomatis l.,Menerapkan,,,,
49425,2.10 Lampiran I.J sd. I.P PP Nomor 28 Tahun 2025.pdf,123,,A,ngkut- S,eluruh,,Mikro,Menengah,NIB dan,Otomatis 1.,Memiliki,,
55120,2.10 Lampiran I.J sd. I.P PP Nomor 28 Tahun 2025.pdf,143,,otel,D,engan,,Kecil,Menengah N,IB dan,Otomatis l.,Memiliki,Sertifikat,
55130,2.10 Lampiran I.J sd. I.P PP Nomor 28 Tahun 2025.pdf,145,6,P,ondok,S,eluruh,,Mikro,Menengah,NIB dan,,Otomatis,l.
55191,2.10 Lampiran I.J sd. I.P PP Nomor 28 Tahun 2025.pdf,147,7,Pengi- S,eluruh,Mikro,Menengah,NIB dan,Otomatis,l,Menyampai-,Sertihkat Seluruh,Bupati/,
55192,2.10 Lampiran I.J sd. I.P PP Nomor 28 Tahun 2025.pdf,147,8.,Bumi S,eluruh,Mikro,Menengah,NIB dan,Otomatis,1.,Menyampai-,Sertihkat Seluruh,Bupati/,
55193,2.10 Lampiran I.J sd. I.P PP Nomor 28 Tahun 2025.pdf,148,9,V,illa S,eluruh,,Mikro,Menengah,NIB dan,,Otomatis,1.,Memiliki
55194,2.10 Lampiran I.J sd. I.P PP Nomor 28 Tahun 2025.pdf,148,10.,A,parte- S,eluruh,,Mikro,Menengah,NIB dan,Dokumen,14 Hari,1.,Memiliki
55199,2.10 Lampiran I.J sd. I.P PP Nomor 28 Tahun 2025.pdf,149,1l,P,enye-,,Seluruh,-,Mikro,Menengah,NIB dan,Otomatis,1.,Memiliki
56101,2.10 Lampiran I.J sd. I.P PP Nomor 28 Tahun 2025.pdf,153,13,estoran S,eluruh M,ikro,Menengah,NIB dan,Otomatis l.,Memiliki,Sertifikat,,,
56702,2.10 Lampiran I.J sd. I.P PP Nomor 28 Tahun 2025.pdf,155,14,Warung/ S,eluruh,M,ikro,Menengah,,NIB dan,Otomatis,1.,Memiliki L,abel Seluruh
56103,2.10 Lampiran I.J sd. I.P PP Nomor 28 Tahun 2025.pdf,155,15,Kedai S,eluruh,M,ikro,Menengah,,NIB dan,Otomatis,1.,Memiliki -,Label Seluruh
56109,2.10 Lampiran I.J sd. I.P PP Nomor 28 Tahun 2025.pdf,157,,R,estoran S,eluruh M,ikro,Menengah,NIB dan,Otomatis 1.,Memiliki,Label,,
56290,2.10 Lampiran I.J sd. I.P PP Nomor 28 Tahun 2025.pdf,159,19,P,enye- S,eluruh,Mikro,Menengah,NIB dan,,Otomatis,1,Memiliki,"L,abel Seluruh"
56301,2.10 Lampiran I.J sd. I.P PP Nomor 28 Tahun 2025.pdf,161,20,ar S,eluruh,,,Mene-,Menengah,NIB dan,Dokumen,14 Hari I M,emiliki -,Sertifikat
56302,2.10 Lampiran I.J sd. I.P PP Nomor 28 Tahun 2025.pdf,162,2t,K,elab S,- eluruh,,Mene-,Menengah,NIB dan,Dokumen,14 Hari,1.,Memiliki -
56303,2.10 Lampiran I.J sd. I.P PP Nomor 28 Tahun 2025.pdf,163,22,R,umah S,eluruh,,Mikro,Menengah,NIB dan,Otomatis 1.,Memiliki,-,Label
56304,2.10 Lampiran I.J sd. I.P PP Nomor 28 Tahun 2025.pdf,164,23,K,edai S,- eluruh,Mikro,Menengah,NIB dan,Otomatis 1,Memiliki,La,bel,
56306,2.10 Lampiran I.J sd. I.P PP Nomor 28 Tahun 2025.pdf,165,24.,P,enye- S,eluruh,Mikro,Menengah,NIB dan,Otomatis,1.,Memiliki,Label,
70201,2.10 Lampiran I.J sd. I.P PP Nomor 28 Tahun 2025.pdf,168,27,A,ktivitas,S,eluruh,Mikro,Rendah,,NIB,,Otomatis,Me
79922,2.10 Lampiran I.J sd. I.P PP Nomor 28 Tahun 2025.pdf,170,35,Jasa,S,eluruh,,Mikro,Rendah,NIB,Otomatis,Men,yampaikan,Seluruh
79990,2.10 Lampiran I.J sd. I.P PP Nomor 28 Tahun 2025.pdf,170,36,Jasa,S,eluruh,,Mikro,Rendah,NIB,Otomatis,Men,yampaikan,Seluruh
82301,2.10 Lampiran I.J sd. I.P PP Nomor 28 Tahun 2025.pdf,170,37,Jasa,S,eluruh,,Mikro,Menengah,NIB dan,Otomatis,1.,Memiliki,Seluruh
82302,2.10 Lampiran I.J sd. I.P PP Nomor 28 Tahun 2025.pdf,172,,Ja,sa S,eluruh,Mikro,Menengah,NIB dan,Otomatis 1.,Memiliki,,,
90030,2.10 Lampiran I.J sd. I.P PP Nomor 28 Tahun 2025.pdf,174,39.,A,ktivitas S,eluruh,Mikro,Menengah,NIB dan,1.,Memiliki,,,
39160,2.10 Lampiran I.J sd. I.P PP Nomor 28 Tahun 2025.pdf,174,No 14,,,,,,,,,,,
90040,2.10 Lampiran I.J sd. I.P PP Nomor 28 Tahun 2025.pdf,176,40,A,ktivitas S,eluruh,,Mikro,Rendah,,NIB,Otomatis Men,yampaikan Seluruh,Bupati/
93111,2.10 Lampiran I.J sd. I.P PP Nomor 28 Tahun 2025.pdf,178,,asilitas S,eluruh,,Kecil,Menengah,NIB dan,Otomatis 1.,Memiliki,Sertifikat,,
93113,2.10 Lampiran I.J sd. I.P PP Nomor 28 Tahun 2025.pdf,180,46,F,asilitas S,eluruh,,Mene-,Menengah,NIB dan,Memiliki,14 Hari,1.,Memiliki
93114,2.10 Lampiran I.J sd. I.P PP Nomor 28 Tahun 2025.pdf,182,,F,asilitas,S,eluruh,,Mikro,Menengah,NIB dan,1. Otomatis,Menyampai-,
93115,2.10 Lampiran I.J sd. I.P PP Nomor 28 Tahun 2025.pdf,184,8,F,asilitas S,eluruh,,Mikro,Menengah,NIB dan,Otomatis,1.,Menyampai-,Sertifikat
93116,2.10 Lampiran I.J sd. I.P PP Nomor 28 Tahun 2025.pdf,184,49.,F,asilitas S,eluruh,,Kecil,Menengah,NIB dan,Otomatis,1.,Memiliki,Sertifikat
93119,2.10 Lampiran I.J sd. I.P PP Nomor 28 Tahun 2025.pdf,186,50.,Pe,- S,eluruh,,,Mikro,Rendah,NIB,Otomatis Men,yampaikan Seluruh,Bupati/
93191,2.10 Lampiran I.J sd. I.P PP Nomor 28 Tahun 2025.pdf,186,51,Pr,omotor S,eluruh,-,,Mikro,Menengah,NIB dan,1. Otomatis,Memiliki Seluruh,Bupati/
93193,2.10 Lampiran I.J sd. I.P PP Nomor 28 Tahun 2025.pdf,188,,A,ktivitas S,eluruh,,Kecil,Menengah,NIB dan,Otomatis 1.,Memiliki,,
93219,2.10 Lampiran I.J sd. I.P PP Nomor 28 Tahun 2025.pdf,192,55.,A,ktivitas,S,"eluruh,",,Mikro,Menengah,NIB dan,Otomatis,1.,Memiliki
93222,2.10 Lampiran I.J sd. I.P PP Nomor 28 Tahun 2025.pdf,197,57,Pengelola S,eluruh,,Mikro,Menengah,1. NIB dan,Bukti hak,14 Hari 1.,Memiliki,,
93223,2.10 Lampiran I.J sd. I.P PP Nomor 28 Tahun 2025.pdf,198,58,W,isata S,eluruh,,Mikro,Menengah,NIB dan,Memiliki,14 Hari,Memiliki,
93224,2.10 Lampiran I.J sd. I.P PP Nomor 28 Tahun 2025.pdf,199,59,W,isata S,eluruh,,Mikro,Menengah,NIB dan,Otomatis,Memiliki Seluruh,Bupati/,
93229,2.10 Lampiran I.J sd. I.P PP Nomor 28 Tahun 2025.pdf,199,60.,D,aya S,eluruh,,Mikro,Menengah,NIB dan,Otomatis 1,Memiliki Seluruh,Bupati/,
93231,2.10 Lampiran I.J sd. I.P PP Nomor 28 Tahun 2025.pdf,201,61,isata S,eluruh,,Mikro,Menengah N,IB dan,Otomatis 1.,Memiliki,Sertifikat,,
93239,2.10 Lampiran I.J sd. I.P PP Nomor 28 Tahun 2025.pdf,202,62,D,aya,S,"eluruh,",,Mikro,Menengah,NIB dan,Otomatis 1.,Memiliki -,Sertifrkat
93241,2.10 Lampiran I.J sd. I.P PP Nomor 28 Tahun 2025.pdf,204,,Arung S,eluruh,,Mikro,Menengah,NIB dan,Memiliki,14 Hari 1,Memiliki,lzin,
93242,2.10 Lampiran I.J sd. I.P PP Nomor 28 Tahun 2025.pdf,206,,isata S,eluruh,Mikro,Menengah,NIB dan,]. Otomatis,Memiliki,Surat,,,
93243,2.10 Lampiran I.J sd. I.P PP Nomor 28 Tahun 2025.pdf,211,,ermaga S,eluruh,Mene-,Tinggi NIB dan,Memiliki,14 Hari,1.,Memiliki,-,Sertifikat,
93244,2.10 Lampiran I.J sd. I.P PP Nomor 28 Tahun 2025.pdf,213,,Kolam S,eluruh,,Mikro,Rendah N,IB,Otomatis,Menyampaikan,,,
93245,2.10 Lampiran I.J sd. I.P PP Nomor 28 Tahun 2025.pdf,214,,W,isata S,eluruh,,Mikro,Menengah,NIB dan,Memiliki,14 Hari 1.,Memiliki,Surat Izin
93246,2.10 Lampiran I.J sd. I.P PP Nomor 28 Tahun 2025.pdf,215,,A,ktivitas S,eluruh,,Mikro,Menengah,,NIB dan,Memiliki,14 Hari 1.,Sertifikat
93249,2.10 Lampiran I.J sd. I.P PP Nomor 28 Tahun 2025.pdf,216,,W,isata S,eluruh,,Mikro,Menengah,NIB dan,Memiliki,14 Hari,Memiliki,Surat
93292,2.10 Lampiran I.J sd. I.P PP Nomor 28 Tahun 2025.pdf,219,,araoke S,eluruh,,Mikro,Menengah,,NIB dan,1. Otomatis,Memiliki -,,Sertifikat
93293,2.10 Lampiran I.J sd. I.P PP Nomor 28 Tahun 2025.pdf,221,,U,saha S,eluruh,,Mikro,Menengah,NIB dan,Memiliki,"1,4 Hari 1.",Memiliki,Sertifikat
93294,2.10 Lampiran I.J sd. I.P PP Nomor 28 Tahun 2025.pdf,222,,D,iskotek S,eluruh,-,Mene-,Menengah,NIB dan,Memiliki,14 Hari 1.,Memiliki,
93299,2.10 Lampiran I.J sd. I.P PP Nomor 28 Tahun 2025.pdf,222,,A,ktivitas S,eluruh,-,Kecil,Rendah,NIB,,Otomatis Men,yampaikan,S
96122,2.10 Lampiran I.J sd. I.P PP Nomor 28 Tahun 2025.pdf,223,76,A,ktivitas,S,"eluruh,",-,Mikro,Menengah,NIB dan,Memiliki,14 Hari 1.,Memiliki
79122,2.10 Lampiran I.J sd. I.P PP Nomor 28 Tahun 2025.pdf,228,1,Ak,tivitas,A,ktivitas,Mikro,Tinggi NIB dan Izin 1,Memiliki,1. 14 Hari,Menyediakan,Seluruh,Menteri/
53202,2.10 Lampiran I.J sd. I.P PP Nomor 28 Tahun 2025.pdf,250,2,A,ktivitas S,eluruh,-M,ikro,Menengah,NIB dan,Otomatis 1.,Memenuhi,,
14701,2.10 Lampiran I.J sd. I.P PP Nomor 28 Tahun 2025.pdf,258,No,,,,,,,,,,,
60202,2.10 Lampiran I.J sd. I.P PP Nomor 28 Tahun 2025.pdf,267,4,Aktivitas S,eluruh,-M,ikro,Tinggi N,IB dan l.Me,nyampaikan,29 Han l.,Tidak -,lzin,
61100,2.10 Lampiran I.J sd. I.P PP Nomor 28 Tahun 2025.pdf,282,5,tivitas S,eluruh -M,ikro,Tinggi NIB dan l.Me,nya,mpaikan,3 Hari 1.,- Menggunakan,Peno-,,
61911,2.10 Lampiran I.J sd. I.P PP Nomor 28 Tahun 2025.pdf,303,7,Ja,sa,Seluruh,-M,ikro,Menengah,NIB dan,1.,Menyampai-,3 Hari l.,Menggunakan
61913,2.10 Lampiran I.J sd. I.P PP Nomor 28 Tahun 2025.pdf,324,9,Jasa S,eluruh,-Mikro,Tinggi NIB dan,l.,Menyampaikan,3 Hari,1.,Menggunakan,Peno-,
61919,2.10 Lampiran I.J sd. I.P PP Nomor 28 Tahun 2025.pdf,343,11,Jasa Nilai S,eluruh,-M,ikro M,enengah,NIB dan,1.,Menyampai-,3 Hari 1.,,Menggunakan -
61922,2.10 Lampiran I.J sd. I.P PP Nomor 28 Tahun 2025.pdf,363,13,Ja,sa S,eluruh,-M,ikro,Tinggi N,IB dan,1.,Menyampaikan,3 Hari l.,- Menggunakan
61929,2.10 Lampiran I.J sd. I.P PP Nomor 28 Tahun 2025.pdf,392,16,Ja,sa,S,eluruh,-M,ikro,Tinggi N,IB dan,1.,Menyampai-,3 Hari 1.
61994,2.10 Lampiran I.J sd. I.P PP Nomor 28 Tahun 2025.pdf,408,18,Ja,sa Jual S,eluruh,-M,ikro,Menengah,NIB dan,,Otomatis l.,Memenuhi,
47168,2.10 Lampiran I.J sd. I.P PP Nomor 28 Tahun 2025.pdf,409,No,,,,,,,,,,,
61300,2.10 Lampiran I.J sd. I.P PP Nomor 28 Tahun 2025.pdf,414,19,Ak,tivitas S,eluruh,-Mikro,Tinggi N,IB dan 1.,Me,nyampaikan,3 Hari 1.,- Menggunakan,Hak
82200,2.10 Lampiran I.J sd. I.P PP Nomor 28 Tahun 2025.pdf,425,20,A,ktivitas S,eluruh,-M,ikro,Tinggi NIB dan 1.,Menyampaikan,3 Hari 1.,M,enggunakan,Peno-
61993,2.10 Lampiran I.J sd. I.P PP Nomor 28 Tahun 2025.pdf,436,1,Aktivitas Seluruh,,Mikro,Tinggi NIB dan,Dokumen,22,,,,,
74149,2.10 Lampiran I.J sd. I.P PP Nomor 28 Tahun 2025.pdf,494,4,A,ktivitas,K,egiatan,,Mikro,Rendah,NIB,Otomatis,Menyampaikan,Seluruh
74201,2.10 Lampiran I.J sd. I.P PP Nomor 28 Tahun 2025.pdf,495,5.,ktivitas,ke,giatan,,Mikro,Rendah,NIB,Otomatis,Menyampaikan,,
59202,2.10 Lampiran I.J sd. I.P PP Nomor 28 Tahun 2025.pdf,497,7,Aktivitas,S,eluruh,,,Mikro,Rendah,NIB,Otomatis,Menyampaikan,
70203,2.10 Lampiran I.J sd. I.P PP Nomor 28 Tahun 2025.pdf,497,9,Aktivitas,S,eluruh,,,Mikro,Rendah,NIB,Otomatis,Menyampaikan,
90011,2.10 Lampiran I.J sd. I.P PP Nomor 28 Tahun 2025.pdf,498,10,Aktivitas,S,eluruh,,Mikro,Rendah,NIB,Otomatis,Menyampaikan,Sertifikat,Seluruh
90012,2.10 Lampiran I.J sd. I.P PP Nomor 28 Tahun 2025.pdf,498,11,Aktivitas,S,eluruh,,Mikro,Rendah,NIB,Otomatis,Menyampaikan,,Seluruh
90021,2.10 Lampiran I.J sd. I.P PP Nomor 28 Tahun 2025.pdf,498,L2,Pelaku,S,eluruh,,Mikro,Rendah,NIB,Otomatis,Menyampaikan,,Seluruh
90022,2.10 Lampiran I.J sd. I.P PP Nomor 28 Tahun 2025.pdf,498,13,Pelaku,S,eluruh,,Mikro,Rendah,NIB,Otomatis,Menyampaikan,,Seluruh
90023,2.10 Lampiran I.J sd. I.P PP Nomor 28 Tahun 2025.pdf,499,T4,A,ktivitas,S,eluruh,,Mikro,Rendah,NIB,Otomatis M,enya,mpaikan
90029,2.10 Lampiran I.J sd. I.P PP Nomor 28 Tahun 2025.pdf,499,15,A,ktivitas,S,eluruh,,Mikro,Rendah,NIB,Otomatis M,enya,mpaikan
90090,2.10 Lampiran I.J sd. I.P PP Nomor 28 Tahun 2025.pdf,499,t6,A,ktivitas,S,eluruh,,Mikro,Rendah,NIB,Otomatis 1.,Men,yampaikan
17065,2.11 Lampiran I.Q sd. I.V PP Nomor 28 Tahun 2025.pdf,5,,,a.,Standar,,,,,,,,
17065,2.11 Lampiran I.Q sd. I.V PP Nomor 28 Tahun 2025.pdf,8,,,,mutu,,,,,,,,
78421,2.11 Lampiran I.Q sd. I.V PP Nomor 28 Tahun 2025.pdf,19,I,Pelatihan S,eluruh,-,Mikro,Menengah,N,IB dan 1.,Melampirkan,5 Hari,1.,Melaksanakan
78422,2.11 Lampiran I.Q sd. I.V PP Nomor 28 Tahun 2025.pdf,23,o,Pelatihan S,eluruh,-,Mikro,Menengah,NIB dan 1.,Melampirkan,5 Hari 1.,Melaksanakan,,
78423,2.11 Lampiran I.Q sd. I.V PP Nomor 28 Tahun 2025.pdf,28,3,Pelatihan S,eluruh,Mikro,Menengah,NIB dan 1.,Melampirkan,5 Hari,1.,Melampirkan,,
78424,2.11 Lampiran I.Q sd. I.V PP Nomor 28 Tahun 2025.pdf,32,4,Pelatihan S,eluruh,-,Mikro,Menengah,NIB dan 1.,Melampirkan,5 Hari 1.,Melaksanakan,,
78425,2.11 Lampiran I.Q sd. I.V PP Nomor 28 Tahun 2025.pdf,36,5,Pelatihan S,eluruh,-,Mikro,Menengah,NIB dan 1.,Melampirkan,5 Hari,Melaksanakan,Penye-,
78426,2.11 Lampiran I.Q sd. I.V PP Nomor 28 Tahun 2025.pdf,41,6,Pelatihan S,eluruh,-,Mikro,Menengah,NIB dan 1.,Melampirkan,5 Hari,1.,Melaksanakan,
78427,2.11 Lampiran I.Q sd. I.V PP Nomor 28 Tahun 2025.pdf,45,7,Pelatihan S,eluruh,-,Mikro,Menengah,NIB dan 1.,Melampirkan,5 Hari 1.,Melaksanakan,,
78429,2.11 Lampiran I.Q sd. I.V PP Nomor 28 Tahun 2025.pdf,49,8,Pelatihan,P,elatihan -,Mikro,Menengah,NIB dan 1.,Melampirkan,5 Hari l.,Melaksanakan,P,eman-
74321,2.11 Lampiran I.Q sd. I.V PP Nomor 28 Tahun 2025.pdf,59,9,Aktivitas S,eluruh,-,Mikro,Menengah,NIB dan,1.,LSP memiliki,67 Hari,1.,LSP
78101,2.11 Lampiran I.Q sd. I.V PP Nomor 28 Tahun 2025.pdf,61,10,Aktivitas S,eluruh,-,Mikro,Menengah,NIB dan,1.,Berbadan,5 Hari 1.,Melakukan,
78103,2.11 Lampiran I.Q sd. I.V PP Nomor 28 Tahun 2025.pdf,88,t2,Aktivitas S,eluruh,-,,Mikro,Menengah,NIB dan,1.,Berbadan,5 Hari 1.,Menyampai-
78300,2.11 Lampiran I.Q sd. I.V PP Nomor 28 Tahun 2025.pdf,100,t4,Penyediaan S,eluruh,-,Mikro,Renda-l.. NIB,,Otomatis,1.,Menerapkan,,
43697,2.11 Lampiran I.Q sd. I.V PP Nomor 28 Tahun 2025.pdf,110,No 1,,,,,,,,,,,
43705,2.11 Lampiran I.Q sd. I.V PP Nomor 28 Tahun 2025.pdf,118,No 1,,,,,,,,,,,
64146,2.11 Lampiran I.Q sd. I.V PP Nomor 28 Tahun 2025.pdf,134,6,U,nit,Usaha,-,Mikro,Tinggi,NIB dan,1.,Bukti setoran,3 Hari 1.,Men5rusun dan
66292,2.11 Lampiran I.Q sd. I.V PP Nomor 28 Tahun 2025.pdf,143,9,Aktivitas,Ak,tifitas,-,Mikro,Mene-,NIB dan,Otomatis,1,Berbentuk,Seluruh
64200,2.11 Lampiran I.Q sd. I.V PP Nomor 28 Tahun 2025.pdf,145,1,Akt,ivitas,S,eluruh,Mikio,Rendah,NIB,Otomatis Men,yampaikan,,Seluruh
43638,2.11 Lampiran I.Q sd. I.V PP Nomor 28 Tahun 2025.pdf,145,No 1,,,,,,,,,,,
52279,2.11 Lampiran I.Q sd. I.V PP Nomor 28 Tahun 2025.pdf,147,No 1,,,,,,,,,,,
43647,2.11 Lampiran I.Q sd. I.V PP Nomor 28 Tahun 2025.pdf,154,No 1,,,,,,,,,,,
96910,2.11 Lampiran I.Q sd. I.V PP Nomor 28 Tahun 2025.pdf,157,8.,Ak,tivitas S,eluruh,-,Mikro,Rendah,NIB,Otomatis 1.,Menyampai-,Seluruh,Menteri/
43650,2.11 Lampiran I.Q sd. I.V PP Nomor 28 Tahun 2025.pdf,157,No 1,,,,,,,,,,,
70209,2.11 Lampiran I.Q sd. I.V PP Nomor 28 Tahun 2025.pdf,158,9,Aktivitas S,eluruh,Mikro,Rendah,NIB,Otomatis,Men,yampaikan,Seluruh,Menteri/,
62015,2.11 Lampiran I.Q sd. I.V PP Nomor 28 Tahun 2025.pdf,160,c,A,ktivitas S,eluruh,-,,Mikro,Menengah,NIB dan,Otomatis l.,Membuat dan,Pen-
62022,2.11 Lampiran I.Q sd. I.V PP Nomor 28 Tahun 2025.pdf,163,3,A,ktivitas S,eluruh,Mikro,Menengah,NIB dan 1.,Surat,2l Hai l.,Menyerahkan,Pe,n-
62023,2.11 Lampiran I.Q sd. I.V PP Nomor 28 Tahun 2025.pdf,169,4,Aktivitas S,eluruh B,esar,Menengah,NIB dan l.,Tidak menjadi,2l Hari,I.,,Melaksanakan,P
62024,2.11 Lampiran I.Q sd. I.V PP Nomor 28 Tahun 2025.pdf,188,5,(A,ktvitas S,eluruh,,Mikro,Menengah,NIB dan,1. Otomatis,Memenuhi,Pen-,
58200,2.11 Lampiran I.Q sd. I.V PP Nomor 28 Tahun 2025.pdf,191,6,P,enerbit- P,enerbitan,-,,Mikro,Menengah,,NIB dan,1. Otomatis,Melakukan
38110,2.11 Lampiran I.Q sd. I.V PP Nomor 28 Tahun 2025.pdf,195,1,Pe-,P,engum-,Mikro,Menengah,NIB dan,Otomatis,1.,Pelaku,Pengumpul-,Bupati/
38120,2.11 Lampiran I.Q sd. I.V PP Nomor 28 Tahun 2025.pdf,205,2,P,e-,Pengum-,-,Mikro,Menengah,NIB dan Otomatis 1.,Memiliki,Pengumpul-,,
43529,2.11 Lampiran I.Q sd. I.V PP Nomor 28 Tahun 2025.pdf,205,No 1,,,,,,,,,,,
43538,2.11 Lampiran I.Q sd. I.V PP Nomor 28 Tahun 2025.pdf,214,No 1,,,,,,,,,,,
38220,2.11 Lampiran I.Q sd. I.V PP Nomor 28 Tahun 2025.pdf,227,4,T,reot-,P,e-,-,Mikro,1. Tinggi NIB dan,Surat l0 Hari 1.,Melaku-,-,Dekomi-
46654,2.11 Lampiran I.Q sd. I.V PP Nomor 28 Tahun 2025.pdf,252,5,P,er-,Per-,Mikro,Tinggi NIB dan,1.,Bukti 20 Hari l.,Mendis-,Penetapan,,
37021,2.11 Lampiran I.Q sd. I.V PP Nomor 28 Tahun 2025.pdf,270,6,T,reat-,I,nstalasi,Mikro,Menengah,NIB dan 1.,Persetu- 5 Hari,Melaksana- 1.,Skala,1 Bupati/
37022,2.11 Lampiran I.Q sd. I.V PP Nomor 28 Tahun 2025.pdf,272,7,T,reat-,I,nstalasi,-,,Mikro,Menengah,i. NIB dan,Perse- 5,Hari
43596,2.11 Lampiran I.Q sd. I.V PP Nomor 28 Tahun 2025.pdf,272,No 1,,,,,,,,,,,
01117,2.2 Lampiran I.B PP Nomor 28 Tahun 2025 (I.B.1-810) (1).pdf,1,1,Pertanian,K,egiatan,-,Mikro,Menengah,NIB dan,Otomatis,1.,Menerapkan,Pelepasan
01118,2.2 Lampiran I.B PP Nomor 28 Tahun 2025 (I.B.1-810) (1).pdf,16,2,Pertanian,K,egiatan,Mikro,Menengah N,IB dan,Otomatis,1.,Menerapkan,P,elepas-
01137,2.2 Lampiran I.B PP Nomor 28 Tahun 2025 (I.B.1-810) (1).pdf,30,,Pe,rtanian,Ke,giatan,Mikro M,enengah N,IB dan,,Otomatis 1.,Menerapkan P,elepas-
01140,2.2 Lampiran I.B PP Nomor 28 Tahun 2025 (I.B.1-810) (1).pdf,46,4,P,erke-,Kegiatan,Mikro,Menengah N,IB dan,1. Otomatis,Menerapkan,P,elepas-,
01160,2.2 Lampiran I.B PP Nomor 28 Tahun 2025 (I.B.1-810) (1).pdf,71,6,P,ertanian,Ke,giatan,-,Mikro,Menengah N,IB dan,Otomatis 1.,M,enerapkan
01199,2.2 Lampiran I.B PP Nomor 28 Tahun 2025 (I.B.1-810) (1).pdf,103,8,P,ertanian,K,egiatan,Mikro,Menengah,NIB dan,,Otomatis 1.,,Menerapkan
61171,2.2 Lampiran I.B PP Nomor 28 Tahun 2025 (I.B.1-810) (1).pdf,204,(5t,(E),(el,{101,(1U,1r2l,,,,,,
01281,2.2 Lampiran I.B PP Nomor 28 Tahun 2025 (I.B.1-810) (1).pdf,209,15,P,erke-,Kegiatan,-,Mikro,Menengah,NIB dan,Otomatis,l.,Menerapkan,Pelepasan
01285,2.2 Lampiran I.B PP Nomor 28 Tahun 2025 (I.B.1-810) (1).pdf,256,18,Pe,rtanian,Ke,giatan,Mikro,Menengah N,IB dan,,1. Otomatis,M,enyampai-
01113,2.2 Lampiran I.B PP Nomor 28 Tahun 2025 (I.B.1-810) (1).pdf,377,28,rtanian,Ke,lompok,Mikro,Rendah N,IB,,Otomatis,Menerapkan budi,,Lahan usaha
01114,2.2 Lampiran I.B PP Nomor 28 Tahun 2025 (I.B.1-810) (1).pdf,387,29,Pe,rtanian,Ke,lompok,Mikro,Rendah NIB,,Otomatis,Menerapkan cara,,Lahan usah
10111,2.2 Lampiran I.B PP Nomor 28 Tahun 2025 (I.B.1-810) (1).pdf,397,(el,(r2l,,,,,,,,,,
01119,2.2 Lampiran I.B PP Nomor 28 Tahun 2025 (I.B.1-810) (1).pdf,407,31,Pe,rtanian,Ke,lompok,Mikro,Rendah NIB,,Otomatis,Menerapkan cara,,Lahan usah
01135,2.2 Lampiran I.B PP Nomor 28 Tahun 2025 (I.B.1-810) (1).pdf,438,34,Pe,rtanian,Ke,lompok -,Mikro,Rendah NIB,,Otomatis,Menerapkan cara,,Lahan usah
01611,2.2 Lampiran I.B PP Nomor 28 Tahun 2025 (I.B.1-810) (1).pdf,448,35,Ja,sa,Ke,lompok -,Mikro M,enengah N,IB,,Otomatis 1,Menerapkan,
01613,2.2 Lampiran I.B PP Nomor 28 Tahun 2025 (I.B.1-810) (1).pdf,453,37,Ja,sa,Ke,lompok,Mikro,Menengah NIB,Otomatis,,Menerapkan,,"l""ahan usah"
01614,2.2 Lampiran I.B PP Nomor 28 Tahun 2025 (I.B.1-810) (1).pdf,458,38,Ja,sa,K,elompok,-,Mikro,Menengah N,IB dan,Otomatis,1.,Menerapkan
01619,2.2 Lampiran I.B PP Nomor 28 Tahun 2025 (I.B.1-810) (1).pdf,460,39,Ja,sa,K,elompok,Mikro,Menengah N,IB dan,Otomatis,1.,Menerapkan,
01640,2.2 Lampiran I.B PP Nomor 28 Tahun 2025 (I.B.1-810) (1).pdf,463,40,Pemilihan,M,encakup,Mikro,Menengah N,IB dan,1.,Menerapkan,Lahan usaha,Bupati/,
10631,2.2 Lampiran I.B PP Nomor 28 Tahun 2025 (I.B.1-810) (1).pdf,466,4l,In,dustri,M,encakup,Mikro,Rendah NIB,Otomatis,I,Memperhatik,Sertifi-,Lahan usaha
10632,2.2 Lampiran I.B PP Nomor 28 Tahun 2025 (I.B.1-810) (1).pdf,476,42,In,dustri,Mencakup,Mikro,Rendah N,IB dan,Otomatis,1.,Memperhatika -,Sertifi-,Lahan usah
01411,2.2 Lampiran I.B PP Nomor 28 Tahun 2025 (I.B.1-810) (1).pdf,487,44,Pembibit-,Ke,giatan,Mikro,Rendah N,IB,Otomatis l.,Menerapkan,S,ertifi-,Lahan usah
01413,2.2 Lampiran I.B PP Nomor 28 Tahun 2025 (I.B.1-810) (1).pdf,495,46,Pembibit-,P,embibitan,Mikro,Rendah,NIB,,Otomatis,1.,Menerapkan,S
01430,2.2 Lampiran I.B PP Nomor 28 Tahun 2025 (I.B.1-810) (1).pdf,509,49,Peternak- S,eluruh,Mikro,Rendah NIB,1. Otomatis,Menerapkan -,Sertili-,Lahan usah,,,
01463,2.2 Lampiran I.B PP Nomor 28 Tahun 2025 (I.B.1-810) (1).pdf,538,58,P,embibit- S,- eluruh,Mikro,Rendah NIB,,1. Otomatis,Menerapkan,Sertifika-,Lahan usaha,Bupati/
01465,2.2 Lampiran I.B PP Nomor 28 Tahun 2025 (I.B.1-810) (1).pdf,543,60,Pembibit-,P,embibitan,Mikro,Rendah NIB,Otomatis 1.,Menerapkan,Sertihka-,Lahan usaha,Bupati/,
01468,2.2 Lampiran I.B PP Nomor 28 Tahun 2025 (I.B.1-810) (1).pdf,554,63,P,embibit- S,eluruh,Mikro,Rendah NIB,,Otomatis,M,enerapkan,Sertihka-,Lahan usah
01495,2.2 Lampiran I.B PP Nomor 28 Tahun 2025 (I.B.1-810) (1).pdf,574,69,Pembibit- Pe,mbibitan -,Mikro,Rendah N,IB,,Otomatis l.,Menerapkan,S,ertifika-,Lahan usaha
10110,2.2 Lampiran I.B PP Nomor 28 Tahun 2025 (I.B.1-810) (1).pdf,607,77,Ke,giatan S,eluruh,-,Mikro,Menengah N,IB dan 1.,Surat,15 Hari 1,. Pemenuhan -,Sertifi-
10120,2.2 Lampiran I.B PP Nomor 28 Tahun 2025 (I.B.1-810) (1).pdf,611,,Kegiatan Se,luruh,-,Mikro M,enengah N,IB dan Sur,at,15 Hari I,Pemenuhan -,Sertifi-,Lokasi usaha
21024,2.2 Lampiran I.B PP Nomor 28 Tahun 2025 (I.B.1-810) (1).pdf,615,,dustri P,rodusen,Mikro,Tinggi NIB dan 1. Su,rat,20 Hari 1. M,enyampai- -,Pendaf-,,,
46444,2.2 Lampiran I.B PP Nomor 28 Tahun 2025 (I.B.1-810) (1).pdf,618,80,Pe,rdagan,S,eluruh,Mikro,Tinggi N,IB dan,Surat,20 Hai. 1.,Menyampai- -,Pendaf-
46445,2.2 Lampiran I.B PP Nomor 28 Tahun 2025 (I.B.1-810) (1).pdf,626,81,P,erda-,S,eluruh,Mikro,Menengah N,IB dan 1.,Surat,20 Hai,l.,Menyampai-
46446,2.2 Lampiran I.B PP Nomor 28 Tahun 2025 (I.B.1-810) (1).pdf,632,82,rdagan Se,luruh -,Mikro,Menengah,I,Surat,20 Hai 1.,Menyampai-,,,
46447,2.2 Lampiran I.B PP Nomor 28 Tahun 2025 (I.B.1-810) (1).pdf,641,83,Per-,S,eluruh,Mikro,Tinggi NIB dan 1.,Sura,t,20 Hai l.,Menyampai- -,Pendaf-,Seluruh
46448,2.2 Lampiran I.B PP Nomor 28 Tahun 2025 (I.B.1-810) (1).pdf,649,84,P,erda-,S,eluruh,Mikro,Menengah,NIB dan 1.,Sura,t,2O Hari,Menyampai- -
46692,2.2 Lampiran I.B PP Nomor 28 Tahun 2025 (I.B.1-810) (1).pdf,658,85,Pe,rda-,S,eluruh,-,Mikro,Tinggi N,IB dan 1.,Surat,20 Hari 1.,Menyampai- -
47726,2.2 Lampiran I.B PP Nomor 28 Tahun 2025 (I.B.1-810) (1).pdf,666,,Pe,rda-,Apotek,-,"Mikro,",Tinggi N,IB dan 1.,Surat,20 Hari l.,Menyampai-,Pe
47727,2.2 Lampiran I.B PP Nomor 28 Tahun 2025 (I.B.1-810) (1).pdf,674,a7,P,erda-,Ap,otek,Mikro,Menengah N,IB dan,Otomatis 11.,Menyampai-,P,enetap-
47728,2.2 Lampiran I.B PP Nomor 28 Tahun 2025 (I.B.1-810) (1).pdf,682,88,Pe,rda-,Apotek,-,Mikro,Menengah N,IB dan,Otomatis l.,Meny,ampai-,P
47729,2.2 Lampiran I.B PP Nomor 28 Tahun 2025 (I.B.1-810) (1).pdf,691,89,Pe,rda-,Ap,otek,Mikro,Menengah,NIB dan 1.,Surat,20 Hai 1.,Menyampai-,P
75000,2.2 Lampiran I.B PP Nomor 28 Tahun 2025 (I.B.1-810) (1).pdf,693,90,A,ktivitas S,eluruh M,ikro,Menengah N,IB dan,Otomatis 1.,Memiliki surat,R,adiologi,Seluruh
01116,2.2 Lampiran I.B PP Nomor 28 Tahun 2025 (I.B.1-810) (1).pdf,711,91,P,ertanian,Kegiatan -,Mikro,Menengah N,IB dan,1,Menerapkan,P,endaf-,Lahan usaha
01131,2.2 Lampiran I.B PP Nomor 28 Tahun 2025 (I.B.1-810) (1).pdf,718,92,Pe,rtanian,Ke,giatan,Mikro,Menengah N,IB dan,,Otomatis I,Melaporkan,P
01132,2.2 Lampiran I.B PP Nomor 28 Tahun 2025 (I.B.1-810) (1).pdf,726,93,P,ertanian,K,egiatan,Mikro,Menengah,NIB dan,Otomatis,Melaporkan,P,endaf-
01133,2.2 Lampiran I.B PP Nomor 28 Tahun 2025 (I.B.1-810) (1).pdf,734,94,P,ertanian,K,egiatan,Mikro,Menengah N,IB dan,,Otomatis,1.,Melaporkan
01136,2.2 Lampiran I.B PP Nomor 28 Tahun 2025 (I.B.1-810) (1).pdf,743,96,ertanian,Ke,giatan,Mikro,Menengah N,IB dan,,Otomatis 1.,Melaporkan,P,endaf-
01139,2.2 Lampiran I.B PP Nomor 28 Tahun 2025 (I.B.1-810) (1).pdf,749,97,P,ertanian,K,egiatan,Mikro,Menengah,N,IB dan,,Otomatis l.,Melaporkan
01193,2.2 Lampiran I.B PP Nomor 28 Tahun 2025 (I.B.1-810) (1).pdf,753,,Pe,rtanian,Pe,rtanian -,Mikro,Rendah NIB,,Otomatis 1.,Membuat,,Lahan usah
01194,2.2 Lampiran I.B PP Nomor 28 Tahun 2025 (I.B.1-810) (1).pdf,758,99,Pe,rtanian Se,luruh,Mikro M,enengah N,IB dan,,Otomatis 1.,Melaporkan,P,endaf-
01230,2.2 Lampiran I.B PP Nomor 28 Tahun 2025 (I.B.1-810) (1).pdf,767,101,Pe,rtanian,Ke,giatan,-,Mikro,Menengah N,IB dan,,Otomatis 1.,Melaporkan
01251,2.2 Lampiran I.B PP Nomor 28 Tahun 2025 (I.B.1-810) (1).pdf,781,l03,P,ertanian,K,egiatan,Mikro,Menengah N,IB dan,,Otomatis l.,Melaporkan,P
01283,2.2 Lampiran I.B PP Nomor 28 Tahun 2025 (I.B.1-810) (1).pdf,799,106,ertanian,K,egiatan,Mikro,Menengah N,IB dan,,Otomatis 1.,Melaporkan,Pendaf-,Lahan usaha
01301,2.2 Lampiran I.B PP Nomor 28 Tahun 2025 (I.B.1-810) (1).pdf,804,L07,P,ertanian S,eluruh,Mikro,Rendah N,IB,Otomatis 1.,Membuat,,Lahan usaha,Bupati/
01302,2.2 Lampiran I.B PP Nomor 28 Tahun 2025 (I.B.1-810) (1).pdf,808,108,P,ertanian S,eluruh,Mikro,Menengah N,IB dan,,l. Otomatis,Melaporkan,P,endaf-
02209,2.3 Lampiran I.C PP Nomor 28 Tahun 2025 (I.C.1-182) (1).pdf,1,I,U,saha,L,embaga,-,Mikro,Tinggi N,IB dan,1.,Pemohon,20 Hari
10111,2.3 Lampiran I.C PP Nomor 28 Tahun 2025 (I.C.1-182) (1).pdf,38,lel,tt2l,t13t,,,,,,,,,
10000,2.3 Lampiran I.C PP Nomor 28 Tahun 2025 (I.C.1-182) (1).pdf,39,,2.,Merehabilita-,"provinsi,",,,,,,,,
10000,2.3 Lampiran I.C PP Nomor 28 Tahun 2025 (I.C.1-182) (1).pdf,47,,,atau Taman,tam,an buru,,,,,,,
25000,2.3 Lampiran I.C PP Nomor 28 Tahun 2025 (I.C.1-182) (1).pdf,56,,,Kepala Dinas,,taman hutan,,,,,,,
25000,2.3 Lampiran I.C PP Nomor 28 Tahun 2025 (I.C.1-182) (1).pdf,57,,,setelah,,,,,,,,,
25000,2.3 Lampiran I.C PP Nomor 28 Tahun 2025 (I.C.1-182) (1).pdf,71,,,pembangun-,,,,,,,,,
25000,2.3 Lampiran I.C PP Nomor 28 Tahun 2025 (I.C.1-182) (1).pdf,72,,,setelah,,,,,,,,,
16103,2.3 Lampiran I.C PP Nomor 28 Tahun 2025 (I.C.1-182) (1).pdf,144,6,In,dustri,Kegiatan,-,Mikro,Rendah NIB,1. Otomatis,Merealisasi-,,,
16104,2.3 Lampiran I.C PP Nomor 28 Tahun 2025 (I.C.1-182) (1).pdf,150,7,In,dustri,Kegiatan -,Mikro,Rendah NIB,,1. Otomatis,Merealisasi-,,,
16212,2.3 Lampiran I.C PP Nomor 28 Tahun 2025 (I.C.1-182) (1).pdf,157,8,Industri,Kegiatan,-,Mikro,Rendah,NIB,1. Otomatis,Merealisasi-,,Seluruh,Gubernur
16215,2.3 Lampiran I.C PP Nomor 28 Tahun 2025 (I.C.1-182) (1).pdf,169,10,Industri,K,egiatan -,Mikro,Rendah NIB,Otomatis I.,Merealisasi-,,,,
35111,2.4 Lampiran I.D PP Nomor 28 Tahun 2025 (I.D.1-1056) (1).pdf,1,,Pem-,"Seluruh,",-,Mikro,Tinggi NIB dan,Studi,14 Hari,1.,Instalasi yang -,Penyim-,1.
35113,2.4 Lampiran I.D PP Nomor 28 Tahun 2025 (I.D.1-1056) (1).pdf,14,3,D,istri- S,eluruh,-,Mikro,Tinggi NIB dan,Studi,14 Hari,1.,Instalasi yang,
35115,2.4 Lampiran I.D PP Nomor 28 Tahun 2025 (I.D.1-1056) (1).pdf,26,5,P,em-,IU,PTLU,-,Mikro,Tinggi N,IB dan 1.,Penetapan,l4 Hari,1.
35117,2.4 Lampiran I.D PP Nomor 28 Tahun 2025 (I.D.1-1056) (1).pdf,42,7,P,em-,IU,PTLU -,-,Mikro,Tinggi,NIB dan,Studi,14 Hari,1.
35118,2.4 Lampiran I.D PP Nomor 28 Tahun 2025 (I.D.1-1056) (1).pdf,49,8,D,istri-,Iz,in Usaha,-,Mikro,Tinggi N,IB dan 1.,Studi,5 Hari,1.
35121,2.4 Lampiran I.D PP Nomor 28 Tahun 2025 (I.D.1-1056) (1).pdf,52,,P,engope- S,eluruh,-,Mikro,Tinggi,l. NIB dan,Pemenuhan,5 Hari Menyampaikan,,Ba
43211,2.4 Lampiran I.D PP Nomor 28 Tahun 2025 (I.D.1-1056) (1).pdf,53,10,In,stalasi S,eluruh,Mikro,Tinggi,l. NIB dan,Pemenuhan,5 Hari 1.,Menyampai-,,Badan usaha
74322,2.4 Lampiran I.D PP Nomor 28 Tahun 2025 (I.D.1-1056) (1).pdf,92,,Aktivitas,Usaha,-,Mikro,Menengah,NIB dan,Pemenuhan 5 Hari,1.,Menyampai-,,
85497,2.4 Lampiran I.D PP Nomor 28 Tahun 2025 (I.D.1-1056) (1).pdf,93,19,Pendidi-,Usaha,-,Mikro,Menengah,NIB dan,Pemenuhan,5 Hari Menyampaikan,,Badan usa,
46620,2.4 Lampiran I.D PP Nomor 28 Tahun 2025 (I.D.1-1056) (1).pdf,194,22,P,erdaga- S,eluruh,-,Mikro,Tinggr,NIB dan Permo,homn,14 Hari 1.,Melaksanakan,Penetap-
46641,2.4 Lampiran I.D PP Nomor 28 Tahun 2025 (I.D.1-1056) (1).pdf,198,23,P,erdaga- S,eluruh,-,Mikro,Tinggi,NIB dan,Pe,rmohomn,14 Hari,Melaksanakan
05100,2.4 Lampiran I.D PP Nomor 28 Tahun 2025 (I.D.1-1056) (1).pdf,202,24,P,ertam-,Kelompok,-,Mikro,Tinggi,NIB dan,IU,P Tahap,1.,ruP/ruP
07292,2.4 Lampiran I.D PP Nomor 28 Tahun 2025 (I.D.1-1056) (1).pdf,293,,Pertam-,K,elompok,-,Mikro,Tinggi,NIB dan,IUP,Tehep,]. ruP/ruP Ke,wejibao
07293,2.4 Lampiran I.D PP Nomor 28 Tahun 2025 (I.D.1-1056) (1).pdf,321,29,Pertam-,Kelompok,-,M,ikro,Tinggi N,IB dan,IUP,Tahap 1.,ruP/ruP Ke,weJiban
07294,2.4 Lampiran I.D PP Nomor 28 Tahun 2025 (I.D.1-1056) (1).pdf,343,,P,ertam-,K,elompok,-,"Mikro,",Tinggi,NIB dan,IUP Te,hep,IUP/IUP
07295,2.4 Lampiran I.D PP Nomor 28 Tahun 2025 (I.D.1-1056) (1).pdf,371,31,P,ertam-,K,elompok,-,M,"ikro,",Tinggr,NIB dan ruP,,Tehap 1.
07296,2.4 Lampiran I.D PP Nomor 28 Tahun 2025 (I.D.1-1056) (1).pdf,397,32,P,ertam-,Kelompok,-,M,ikro,Tinggi,NIB dan,IUP,Tehap 1.,ruP/ruP Kc
07299,2.4 Lampiran I.D PP Nomor 28 Tahun 2025 (I.D.1-1056) (1).pdf,420,33,P,ertam-,P,ertamba-,-,M,"ikro,",Tinggi,NIB dan,IU,P Tahap
07301,2.4 Lampiran I.D PP Nomor 28 Tahun 2025 (I.D.1-1056) (1).pdf,442,34,P,ertam-,K,elompok,-,M,ikro,Tinggi,NIB dan IUP Te,hap 1.,ruP/ruP
08101,2.4 Lampiran I.D PP Nomor 28 Tahun 2025 (I.D.1-1056) (1).pdf,494,36,Pengga-,Kelompok,-,M,ikro,Tinggi,NIB dan,IU,P Tehap,IUP Ke,wajiban IUP -
08102,2.4 Lampiran I.D PP Nomor 28 Tahun 2025 (I.D.1-1056) (1).pdf,509,,Pe,ngga- S,eluruh,-,M,ikro,Tinggi,NIB dan,IUP T,ahap 1.,IUP Kc
08103,2.4 Lampiran I.D PP Nomor 28 Tahun 2025 (I.D.1-1056) (1).pdf,528,38,P,engga-,K,elompok,-,Mikro,Tinggi,NIB dan,IUP,Tehep 1.,IUP Ke
61171,2.4 Lampiran I.D PP Nomor 28 Tahun 2025 (I.D.1-1056) (1).pdf,532,tsl,t8t,(e),t10l,Ir1t,,,,,,,
08104,2.4 Lampiran I.D PP Nomor 28 Tahun 2025 (I.D.1-1056) (1).pdf,547,39,enggali-,Pengambi-,-,M,ikro,Tinggi,NIB dan IUP,Tahep 1.,IUP Ke,wajiben IUP,-
08105,2.4 Lampiran I.D PP Nomor 28 Tahun 2025 (I.D.1-1056) (1).pdf,566,40,P,engga-,K,elompok,-,M,ikro,Tinggi,NIB dan,IUP T,ehap
08106,2.4 Lampiran I.D PP Nomor 28 Tahun 2025 (I.D.1-1056) (1).pdf,585,4l,engga-,K,elompok,-,Mikro,Tingg,NIB dan,IUP,Tahep,IUP Ke,wejiben IUP -
08108,2.4 Lampiran I.D PP Nomor 28 Tahun 2025 (I.D.1-1056) (1).pdf,616,43,P,engga-,K,elompok,-,Mikro,Tinggi,NIB dan,IU,P Tehap,IUP Ke
08109,2.4 Lampiran I.D PP Nomor 28 Tahun 2025 (I.D.1-1056) (1).pdf,631,44,P,engga-,K,elompok,Mikro,Tinggi,NIB dan,IUP T,ehap,IUP Ke,wejiban IUP
08913,2.4 Lampiran I.D PP Nomor 28 Tahun 2025 (I.D.1-1056) (1).pdf,681,47,P,ertam-,Kelompok,-,Mikro,Tinggi,NIB dan,IU,P Tehap 1.,IUP Ke,wajiban IUP -
08914,2.4 Lampiran I.D PP Nomor 28 Tahun 2025 (I.D.1-1056) (1).pdf,696,48,,1.,IUP Kewajiben IUP -,IUP dalam,,,,,,,
08915,2.4 Lampiran I.D PP Nomor 28 Tahun 2025 (I.D.1-1056) (1).pdf,711,49,P,ertam-,K,elompok,Mikro,Tinggi,NIB dan,IUP,T,ehap 1.,IUP Ke
08919,2.4 Lampiran I.D PP Nomor 28 Tahun 2025 (I.D.1-1056) (1).pdf,727,50,P,ertam-,K,elompok,-,Mikro,Tinggi,NIB dan,IUP,Tehap 1.,IUP Kc
08911,2.4 Lampiran I.D PP Nomor 28 Tahun 2025 (I.D.1-1056) (1).pdf,743,,,,"manfaat dari badan usaha, koperasi, atau",3.,si: 14 Hari Perpan-,2.,undangan Menyampai- kan dan,Negeri wilayahnya berada di wilayah lau,,,
08993,2.4 Lampiran I.D PP Nomor 28 Tahun 2025 (I.D.1-1056) (1).pdf,778,53,P,ertam-,K,elompok,Mikro,Tinggi NIB dan,IUP,Tahap,1.,ruP/,l.
08995,2.4 Lampiran I.D PP Nomor 28 Tahun 2025 (I.D.1-1056) (1).pdf,805,55,P,engga-,K,elompok,-,Mikro,Tinggr,NIB dan,IUP T,ahap 1.,IUP Ke
08999,2.4 Lampiran I.D PP Nomor 28 Tahun 2025 (I.D.1-1056) (1).pdf,821,56,P,ertam-,"Seluruh,",-,Mikro,Tinggi,NIB dan IU,P Tehap 1.,IUP,Ke,wajiban
09900,2.4 Lampiran I.D PP Nomor 28 Tahun 2025 (I.D.1-1056) (1).pdf,841,57,A,ktivitas S,eluruh,-,Mikro,Tinggi,NIB dan,A.,Persyaratan l.,Penga-,Men5rusun
46610,2.4 Lampiran I.D PP Nomor 28 Tahun 2025 (I.D.1-1056) (1).pdf,843,,,,,,,,,,,,
46620,2.4 Lampiran I.D PP Nomor 28 Tahun 2025 (I.D.1-1056) (1).pdf,843,,,,,,,,,,,,
46634,2.4 Lampiran I.D PP Nomor 28 Tahun 2025 (I.D.1-1056) (1).pdf,843,,,,,,,,,,,,
35203,2.4 Lampiran I.D PP Nomor 28 Tahun 2025 (I.D.1-1056) (1).pdf,854,58,P,enga-,K,elompok,-,Mikro,Tinggi,NIB dan,l.,Sumber,15 Hari A.
20115,2.4 Lampiran I.D PP Nomor 28 Tahun 2025 (I.D.1-1056) (1).pdf,868,59,In,dustri,K,elompok,Mikro,Tinggi,l. NIB dan,Sumber,10 Hari A.,K,ewajiban -
81171,2.4 Lampiran I.D PP Nomor 28 Tahun 2025 (I.D.1-1056) (1).pdf,876,I6l,tet,tlot,1lt (,,,,,,,,
49300,2.4 Lampiran I.D PP Nomor 28 Tahun 2025 (I.D.1-1056) (1).pdf,893,61,A,ngku-,Kegiatan,-,Kecil,Tinggi,NIB dan A.,Kegietea Usehe,l5 Hari 1.,Menjamin dan,Persetu-
19214,2.4 Lampiran I.D PP Nomor 28 Tahun 2025 (I.D.1-1056) (1).pdf,975,,dustri S,eluruh,Besar,Tinggi,NIB dan 1. Per,syaratan,15 Hari,,,,
35202,2.4 Lampiran I.D PP Nomor 28 Tahun 2025 (I.D.1-1056) (1).pdf,990,,Di,stribu- S,eluruh,-,Mikro,Tinggi,NIB,dan Ad,mrnrstrasi,15 Hari,Menjamin
39000,2.4 Lampiran I.D PP Nomor 28 Tahun 2025 (I.D.1-1056) (1).pdf,1022,68,,,Kegiatan B,esar,Tinggr,NIB dan,,Manfaat,,,
06201,2.4 Lampiran I.D PP Nomor 28 Tahun 2025 (I.D.1-1056) (1).pdf,1039,,P,ertam-,Kegiatan Be,sar,Tinggi,NIB dan 1.,Keputusan,3O Hari,B,U/ BUT wajib -,P
47301,2.4 Lampiran I.D PP Nomor 28 Tahun 2025 (I.D.1-1056) (1).pdf,1046,7l,P,erda-,Sarana,-,Mikro M,enengah,NIB dan,Mem,ilikr kontrak,5 Hari 1.,Berbentuk
47302,2.4 Lampiran I.D PP Nomor 28 Tahun 2025 (I.D.1-1056) (1).pdf,1050,72,P,erdaga,Penyalur/,-,Mikro,Menengah N,IB dan,Memiliki kontrak,5 Hari,1.,Berbentuk
47772,2.4 Lampiran I.D PP Nomor 28 Tahun 2025 (I.D.1-1056) (1).pdf,1055,73,P,erda-,P,angkalan,-,Mikro,Menengah,NIB dan,1. Otomatis,Memiliki,Hanya unt
32906,2.5 Lampiran I.E PP Nomor 28 Tahun 2025 (I.E.1-189) (1).pdf,1,1,Industri,o,Konstruksi,-,K,ecil,Tinggi NIB dan Izin,1.,Dokumen 4,5 Hari setelah 1.,Melaksana-
48097,2.5 Lampiran I.E PP Nomor 28 Tahun 2025 (I.E.1-189) (1).pdf,10,No 1,,,,,,,,,,,
48103,2.5 Lampiran I.E PP Nomor 28 Tahun 2025 (I.E.1-189) (1).pdf,16,No 1,,,,,,,,,,,
48132,2.5 Lampiran I.E PP Nomor 28 Tahun 2025 (I.E.1-189) (1).pdf,45,No 1,,,,,,,,,,,
52106,2.5 Lampiran I.E PP Nomor 28 Tahun 2025 (I.E.1-189) (1).pdf,52,3,Fasilitas,Fa,silitas,-,K,ecil,Tinggi N,IB dan Izin,1.,Dokumen 1,0 Hari setelah
48139,2.5 Lampiran I.E PP Nomor 28 Tahun 2025 (I.E.1-189) (1).pdf,52,No 1,C,,,,,,,,,,
46643,2.5 Lampiran I.E PP Nomor 28 Tahun 2025 (I.E.1-189) (1).pdf,54,4,Perdagangan a,Impor,-,K,ecil,Tinggi N,IB dan Izin 1.,Dokumen 1,0 Hari setelah,1.,Melakukan
48141,2.5 Lampiran I.E PP Nomor 28 Tahun 2025 (I.E.1-189) (1).pdf,54,No 1,C,,,,,,,,,,
48156,2.5 Lampiran I.E PP Nomor 28 Tahun 2025 (I.E.1-189) (1).pdf,69,No 1,,,,,,,,,,,
43294,2.5 Lampiran I.E PP Nomor 28 Tahun 2025 (I.E.1-189) (1).pdf,70,6,Instalasi,Ko,nstruksi Bes,ar,Tinggi N,IB dan Izin,1.,,Program 24,bulan setelah,Melakukan
48157,2.5 Lampiran I.E PP Nomor 28 Tahun 2025 (I.E.1-189) (1).pdf,70,No 1,C,,,,,,,,,,
48163,2.5 Lampiran I.E PP Nomor 28 Tahun 2025 (I.E.1-189) (1).pdf,76,No 1,,,,,,,,,,,
48164,2.5 Lampiran I.E PP Nomor 28 Tahun 2025 (I.E.1-189) (1).pdf,77,No 1,,,,,,,,,,,
48179,2.5 Lampiran I.E PP Nomor 28 Tahun 2025 (I.E.1-189) (1).pdf,92,No 1,,,,,,,,,,,
48182,2.5 Lampiran I.E PP Nomor 28 Tahun 2025 (I.E.1-189) (1).pdf,95,No 1,,,,,,,,,,,
48189,2.5 Lampiran I.E PP Nomor 28 Tahun 2025 (I.E.1-189) (1).pdf,102,No 1,,,,,,,,,,,
48199,2.5 Lampiran I.E PP Nomor 28 Tahun 2025 (I.E.1-189) (1).pdf,112,No 1,,,,,,,,,,,
24206,2.5 Lampiran I.E PP Nomor 28 Tahun 2025 (I.E.1-189) (1).pdf,124,7,Industri,Ko,nstruksi Bes,ar,Tinggi NIB dan Izin,1.,Dokumen 24,bulan setelah,M,elakukan,Ekspor
48216,2.5 Lampiran I.E PP Nomor 28 Tahun 2025 (I.E.1-189) (1).pdf,129,No 1,,,,,,,,,,,
48220,2.5 Lampiran I.E PP Nomor 28 Tahun 2025 (I.E.1-189) (1).pdf,133,No 1,,,,,,,,,,,
48227,2.5 Lampiran I.E PP Nomor 28 Tahun 2025 (I.E.1-189) (1).pdf,140,No 1,,,,,,,,,,,
48250,2.5 Lampiran I.E PP Nomor 28 Tahun 2025 (I.E.1-189) (1).pdf,163,No 1,,,,,,,,,,,
46642,2.5 Lampiran I.E PP Nomor 28 Tahun 2025 (I.E.1-189) (1).pdf,164,8,Perdagangan,Pe,"ngalihan,",,Mikro,Tinggi NIB dan Izin 1.,Surat 1,4 Hari setelah 1.,Dalam hal,Penetapan,
48254,2.5 Lampiran I.E PP Nomor 28 Tahun 2025 (I.E.1-189) (1).pdf,167,No 1,C,,,,,,,,,,
48264,2.5 Lampiran I.E PP Nomor 28 Tahun 2025 (I.E.1-189) (1).pdf,177,No 1,,,,,,,,,,,
43293,2.5 Lampiran I.E PP Nomor 28 Tahun 2025 (I.E.1-189) (1).pdf,180,11,Instalasi,Ja,sa,-,M,ikro,Menengah,NIB dan 1.,Dokumen 3,0 Hari setelah 1.,Memberikan
48267,2.5 Lampiran I.E PP Nomor 28 Tahun 2025 (I.E.1-189) (1).pdf,180,No 1,C,,,,,,,,,,
71202,2.5 Lampiran I.E PP Nomor 28 Tahun 2025 (I.E.1-189) (1).pdf,181,t2,Jasa o,Laborato-,-,M,ikro,Menengah,NIB dan,1.,Dokumen 3,0 Hari setelah,1.
78429,2.5 Lampiran I.E PP Nomor 28 Tahun 2025 (I.E.1-189) (1).pdf,184,13,Pelatihan,Ke,giatan,-,M,ikro,Menengah,N,IB dan,1.,Dokumen 3
48273,2.5 Lampiran I.E PP Nomor 28 Tahun 2025 (I.E.1-189) (1).pdf,186,No 1,,,,,,,,,,,
22220,2.6e. Lampiran I.F PP Nomor 28 Tahun 2025 (I.F.2923-3680).pdf,13,244,Industri Seluruh Ke,cil Rendah NIB,,Otomatis 1.,Memiliki buldi -,Sertifi-,Lokasi,Bupati/,,,
22230,2.6e. Lampiran I.F PP Nomor 28 Tahun 2025 (I.F.2923-3680).pdf,23,,In,dustri Seluruh Ke,cil,Menengah,NIB dan 1.,Memiliki 7 Hari 1.,Memiliki bukti -,Sertifi-,Lokasi,Bupati/,
22291,2.6e. Lampiran I.F PP Nomor 28 Tahun 2025 (I.F.2923-3680).pdf,37,250,In,dustri Seluruh Ke,cil,Menengah,,NIB dan 1.,Memiliki 7 H^n 1.,Memiliki buliti -,Sertifi-,lokasi,
22292,2.6e. Lampiran I.F PP Nomor 28 Tahun 2025 (I.F.2923-3680).pdf,51,25r,Industri Seluruh Kecil Rendah NIB,,Otomatis 1.,Memiliki bukti,Sertifi-,Lokasi,Bupati/,,,,
22293,2.6e. Lampiran I.F PP Nomor 28 Tahun 2025 (I.F.2923-3680).pdf,61,252,ndustri Seluruh Kecil,Rendal,NIB,,Otomatis 1.,Memiliki bukti -,Sertili-,,,,
22299,2.6e. Lampiran I.F PP Nomor 28 Tahun 2025 (I.F.2923-3680).pdf,72,253,Indastri Seluruh Kecil,Rendah NIB,,Otomatis 1.,Me miliki bukti -,Sertifi-,Lokasi,Bupati/,,,
23124,2.6e. Lampiran I.F PP Nomor 28 Tahun 2025 (I.F.2923-3680).pdf,162,,In,dustri S,eh-rnh Ke,cil Tinggi NIB dan 1.,Memiliki,7 H^i 1.,Memiliki bukti -,Sertifi-,Lokasi,Bupati/,
23129,2.6e. Lampiran I.F PP Nomor 28 Tahun 2025 (I.F.2923-3680).pdf,179,26t,Industri S,eluruh Kecil,Rendah,NIB,Otomatis 1. Memiliki bulti -,"Sertifi- I,okasi",Bupati/,,,,
23919,2.6e. Lampiran I.F PP Nomor 28 Tahun 2025 (I.F.2923-3680).pdf,202,,Industri Seluruh Ke,cil,Menengah,NIB dan,,Otomatis 1.,Memiliki buldi,Sertifi-,Lokasi,Bupati/,
23923,2.6e. Lampiran I.F PP Nomor 28 Tahun 2025 (I.F.2923-3680).pdf,236,,Industri Selumh Kecil Rendah NIB,,Otomatis 1.,Memiliki buldi -,Sertifi-,Lokasi,Bupati/,,,,
23929,2.6e. Lampiran I.F PP Nomor 28 Tahun 2025 (I.F.2923-3680).pdf,247,267,lndustri Seluruh Kecil,Rendah NIB,,Otomatis 1.,Memiliki bukti -,Sertifi-,Lokasi,Bupati/,,,
23931,2.6e. Lampiran I.F PP Nomor 28 Tahun 2025 (I.F.2923-3680).pdf,259,264,In,dustri Seluruh Ke,cil,Menengah,NIB darr,,Otomatis 1.,Memiliki buldi -,Sertifi-,lokasi,Bupati/
23932,2.6e. Lampiran I.F PP Nomor 28 Tahun 2025 (I.F.2923-3680).pdf,270,,lndustri Seluruh Kecil,Menengah,NIB dan,,Otomatis 1.,Memiliki bukti -,Sertih-,t okasi,Bupati/,,
23933,2.6e. Lampiran I.F PP Nomor 28 Tahun 2025 (I.F.2923-3680).pdf,281,270,In,dustri Seluruh Ke,cil,Menengah,NIB dar,Otomatis 1.,Memiliki bukti -,Sertifi-,Lokasi,Bupati/,
23939,2.6e. Lampiran I.F PP Nomor 28 Tahun 2025 (I.F.2923-3680).pdf,293,27r,lndustri Seluruh Ke,cil,Menengah,NIB dan,,Otomatis 1.,Memiliki bukti -,Sertili-,Lpkasi,Bupati/,
23942,2.6e. Lampiran I.F PP Nomor 28 Tahun 2025 (I.F.2923-3680).pdf,330,273,Rendah NIB,Otomatis 1.,Memiliki bukti,-,Sertifi-,"l,okasi",Bupat/,,,,
23943,2.6e. Lampiran I.F PP Nomor 28 Tahun 2025 (I.F.2923-3680).pdf,341,274,dustri Seluruh Kecil,Rendah NIB,,Otomatis 1.,Memiliki bulti -,Sertifi-,Lokasi,Bupati/,,,
23952,2.6e. Lampiran I.F PP Nomor 28 Tahun 2025 (I.F.2923-3680).pdf,364,,In,dustri Seluruh Kecil Renda.l. NIB,,,Otomatis 1.,Memiliki buldi -,Sertif-,Lokasi,Bupati/,,
23953,2.6e. Lampiran I.F PP Nomor 28 Tahun 2025 (I.F.2923-3680).pdf,375,277,In,dustri Selurrh Ke,cil,Rendah NIB,,Otomatis 1.,Memiliki bukti -,Sertifi-,Irkasi,Bupati/,
23954,2.6e. Lampiran I.F PP Nomor 28 Tahun 2025 (I.F.2923-3680).pdf,386,,lndustri Selumh Kecil,Rendal NIB,,Otomatis 1.,Memiliki bukti -,Sertifi-,Lokasi,,,,
23955,2.6e. Lampiran I.F PP Nomor 28 Tahun 2025 (I.F.2923-3680).pdf,398,279,Industri S,elurrh Ke,cil,Menengah,NIB dan 1.,Memiliki 7 1.,Memiliki bukti -,Sertifi-,Lokasi,Bupati/,
23956,2.6e. Lampiran I.F PP Nomor 28 Tahun 2025 (I.F.2923-3680).pdf,412,2ao,Industri Seluruh Ke,cil,Menengah,NIB dan 1.,Memiliki,7 Han 1.,Memiliki bukti,Sertifi-,Lokasi,Bupati/,
23957,2.6e. Lampiran I.F PP Nomor 28 Tahun 2025 (I.F.2923-3680).pdf,427,2ar,ln,dustri Seluruh Ke,cil M,enengah,NIB dan,,Otomatis 1.,Memiliki bukti -,Sertifi-,"I,okasi",Bupati/
23959,2.6e. Lampiran I.F PP Nomor 28 Tahun 2025 (I.F.2923-3680).pdf,438,302,Industri Seluruh Kecil Rendah NIB,Otomatis 1.,Memiliki buldi -,Sertili-,"I,okasi",Bupati/,,,,,
23961,2.6e. Lampiran I.F PP Nomor 28 Tahun 2025 (I.F.2923-3680).pdf,449,243,In,dustri S,eluruh Ke,cil,Menengah,NIB dan,,Otomatis 1.,Memiliki bukti,Sertifi-,Lokasi
23962,2.6e. Lampiran I.F PP Nomor 28 Tahun 2025 (I.F.2923-3680).pdf,461,244,Industri S,elun-rh Ke,cil,Rendah NIB,,Otomatis 1.,Memiliki bukti -,Sertifi-,Lokasi,Bupati/,
23963,2.6e. Lampiran I.F PP Nomor 28 Tahun 2025 (I.F.2923-3680).pdf,472,,Industri S,eluruh Ke,cil,RendaL,NIB,,Otomatis 1.,Memiliki bukti -,Sertifr-,hkasi,Bupati/
23969,2.6e. Lampiran I.F PP Nomor 28 Tahun 2025 (I.F.2923-3680).pdf,483,,In,dustri Seluruh Ke,cil,Rendah NIB,,Otomatis 1.,Memiliki bukti -,Sertifi-,Lokasi,,
23990,2.6e. Lampiran I.F PP Nomor 28 Tahun 2025 (I.F.2923-3680).pdf,495,247,In,dustri S,eluruh Ke,cit,Rendah,NIB,Otomatis 1.,Memiliki bukti -,Sertifi-,Lokasi,Bupati/
24101,2.6e. Lampiran I.F PP Nomor 28 Tahun 2025 (I.F.2923-3680).pdf,506,,In,dustri S,eluruh Ke,cil,Tinggi N,IB dan 1.,Memiliki,7 Hai 1.,Memiliki bukti -,Sertifi- Seluruhnya,Menteri/
24102,2.6e. Lampiran I.F PP Nomor 28 Tahun 2025 (I.F.2923-3680).pdf,523,249,In,dustri Seluruh Ke,cil,Tinggi NIB dan 1.,Memiliki,7 Hari 1.,Memiliki bukti,Sertih-,,,
24103,2.6e. Lampiran I.F PP Nomor 28 Tahun 2025 (I.F.2923-3680).pdf,539,290,In,dustri,Industri Ke,cil,Menengah,NIB dan 1.,Memiliki,7 Hai 1.,Memiliki bukti -,Sertifi- Seluruhnva,Menteri/
38500,2.6e. Lampiran I.F PP Nomor 28 Tahun 2025 (I.F.2923-3680).pdf,573,,C,,,,,,,,,,
24202,2.6e. Lampiran I.F PP Nomor 28 Tahun 2025 (I.F.2923-3680).pdf,592,292,In,dustli,L,ogam K,ecil,Menengah,NIB dan l.,Memiliki,7 Hari 1.,Memiliki bukti,-
51171,2.6e. Lampiran I.F PP Nomor 28 Tahun 2025 (I.F.2923-3680).pdf,632,tst,181,19l,t10t,tlrl,,,,,,,
24204,2.6e. Lampiran I.F PP Nomor 28 Tahun 2025 (I.F.2923-3680).pdf,638,294,Industri S,eluruh Ke,cil,Rendah NIB,,Otomatis 1.,Memiliki bukti -,Sertih-,Lokasi,Bupati/,
24205,2.6e. Lampiran I.F PP Nomor 28 Tahun 2025 (I.F.2923-3680).pdf,649,295,In,dustri,In,dustri Kecil,Menengah,1. NIB dan,Memiliki 7 Hai 1.,Memiliki bukti,Sertifi-,,
24320,2.6e. Lampiran I.F PP Nomor 28 Tahun 2025 (I.F.2923-3680).pdf,688,297,Industri Seluruh Ke,cil Rendah NIB,,l. Otomatis,Memiliki bukti -,Sertifi-,Lokasi,Bupati/,,,
25111,2.6e. Lampiran I.F PP Nomor 28 Tahun 2025 (I.F.2923-3680).pdf,698,,lndustri Seluruh Kecil,Rendah NIB,,Otomatis 1.,Memiliki bukti -,Sertifi-,Lokasi,Bupati/,,,
25112,2.6e. Lampiran I.F PP Nomor 28 Tahun 2025 (I.F.2923-3680).pdf,711,,In,dustri Seluruh K,ecil,Rendah NIB,,Otomatis L.,Memiliki bukti -,Sertifi-,lokasi,Bupati/,
25113,2.6e. Lampiran I.F PP Nomor 28 Tahun 2025 (I.F.2923-3680).pdf,723,,In,dustri Seluruh Ke,cil,Menengah,NIB dan 1.,Memiliki,7 Hai 1.,Memiliki bukti -,Sertifl-,Lokasi,Bupati/
61171,2.6e. Lampiran I.F PP Nomor 28 Tahun 2025 (I.F.2923-3680).pdf,746,{5t,t9t,I,,,,,,,,,
25120,2.6e. Lampiran I.F PP Nomor 28 Tahun 2025 (I.F.2923-3680).pdf,753,302,In,dustri S,eluruh,,,,,,,,
90011,2.6f Lampiran I.F PP Nomor 28 Tahun 2025 (I.F.3681-4500).pdf,5,quality,,,,,,,,,,,
25200,2.6f Lampiran I.F PP Nomor 28 Tahun 2025 (I.F.3681-4500).pdf,18,304,In,dustri S,eluruh K,ecil,1. Tinggi NIB dan,Memiliki,l. 7 Hari.,Memiliki bukti -,SertifF Seluruhnya,Menteri/,
25910,2.6f Lampiran I.F PP Nomor 28 Tahun 2025 (I.F.3681-4500).pdf,40,,In,dustri S,eluruh Ke,cil,Rendah NIB,,Otomatis 1.,Memiliki bukti -,Sertih-,Lokasi,Bupati/
25920,2.6f Lampiran I.F PP Nomor 28 Tahun 2025 (I.F.3681-4500).pdf,51,306,Jasa S,elurrh Ke,cil,Menengah,NIB dan,,Otomatis 1.,Memiliki bukti -,Pe-,Lokasi,Bupati/
10111,2.6f Lampiran I.F PP Nomor 28 Tahun 2025 (I.F.3681-4500).pdf,53,t9t,,t13l,,,,,,,,,
25931,2.6f Lampiran I.F PP Nomor 28 Tahun 2025 (I.F.3681-4500).pdf,60,,In,dustri S,elurlh K,ecil,Rendah NIB,,Otomatis t.,Memiliki bukti,Sertifi-,Lokasi,Bupati/
25932,2.6f Lampiran I.F PP Nomor 28 Tahun 2025 (I.F.3681-4500).pdf,66,308,In,dustri Seluruh K,ecil,Rendah NIB,Otomatis,1.,Memiliki bukti -,Sertifi-,Lokasi,Bupati/,
25933,2.6f Lampiran I.F PP Nomor 28 Tahun 2025 (I.F.3681-4500).pdf,72,309,In,dustri S,eluruh Ke,cil,Rendah N,IB,C)tomatis,1.,Memiliki bukti -,Sertifi-,Lokasi
25934,2.6f Lampiran I.F PP Nomor 28 Tahun 2025 (I.F.3681-4500).pdf,83,3io,,Otomatis 1.,Memiliki bukti -,Sertifi-,Lokasi,Bupati/,,,,,
25940,2.6f Lampiran I.F PP Nomor 28 Tahun 2025 (I.F.3681-4500).pdf,94,,Industri S,eluruh Ke,cil,Rendah NIB,Otomatis 1.,Memiliki bukti,Sertih-,Lokasi,,,
25952,2.6f Lampiran I.F PP Nomor 28 Tahun 2025 (I.F.3681-4500).pdf,116,,dustri S,eluruh Ke,cil,Rendah N,IB,,Otomatis 1.,Memitiki bukti -,Sertifi-,"l,okasi",
61171,2.6f Lampiran I.F PP Nomor 28 Tahun 2025 (I.F.3681-4500).pdf,126,(st,t8l,l9l,,,,,,,,,
25991,2.6f Lampiran I.F PP Nomor 28 Tahun 2025 (I.F.3681-4500).pdf,127,314,In,dustri S,eluruh Ke,cil,Rendah N,IB,O,tomatis 1.,Memiliki bukti -,Sertifi-,Lokasi
25992,2.6f Lampiran I.F PP Nomor 28 Tahun 2025 (I.F.3681-4500).pdf,138,315,Industri Seluruh Ke,cil,Rendah N,IB,,Otomatis,,,,,
25994,2.6f Lampiran I.F PP Nomor 28 Tahun 2025 (I.F.3681-4500).pdf,160,,lndustri Ke,cil M,enengah N,IB dan l.,Memiliki,"7 Har, 1.",Memiliki bukti -,Sertifi-,,,
25995,2.6f Lampiran I.F PP Nomor 28 Tahun 2025 (I.F.3681-4500).pdf,190,318,Industri Seluruh K,ecil,Menengah,NIB dan 1.,Memiliki 7 Hari 1.,Memiliki bukti,-,Sertifi-,Lokasi,Bupati/,
25999,2.6f Lampiran I.F PP Nomor 28 Tahun 2025 (I.F.3681-4500).pdf,208,319,Industri S,eluruh K,ecil,Menengah,NIB dan,l. Otomatis,Memiliki bukti,-,Sertifi-,"l,okasi",Bupati/
26220,2.6f Lampiran I.F PP Nomor 28 Tahun 2025 (I.F.3681-4500).pdf,262,,In,dustri Seluruh Ke,cil Menengah,NIB dan,,O,tomatis 1.,Memiliki bukti -,Sertifi-,Lokasi,Bupati/
90011,2.6f Lampiran I.F PP Nomor 28 Tahun 2025 (I.F.3681-4500).pdf,274,,,,,,,,,,,,
26310,2.6f Lampiran I.F PP Nomor 28 Tahun 2025 (I.F.3681-4500).pdf,274,324,Industri Seluruh K,ecil,Menengah,1. NIB dan,Memiliki 7 H^i,1.,Memiliki bukti -,Sertifi-,Lokasi,Bupati/,
26320,2.6f Lampiran I.F PP Nomor 28 Tahun 2025 (I.F.3681-4500).pdf,288,325,Industri S,eluruh Kecil,Menengah,1.,Memiliki 7 Hari 1.,Memiliki bukti,Tanda,Lokasi,,,
26399,2.6f Lampiran I.F PP Nomor 28 Tahun 2025 (I.F.3681-4500).pdf,316,,Industri S,eluruh K,ecil,Menengah,NIB dan,Otomatis 1.,Memiliki bukti,Sertifi-,Lokasi,Bupati/,
26410,2.6f Lampiran I.F PP Nomor 28 Tahun 2025 (I.F.3681-4500).pdf,329,,Industri Seluruh Ke,cil,Menengah,NIB dan,,Otomatis 1.,Memitiki bukti,Sertifi-,Lokasi,Bupati/,
26420,2.6f Lampiran I.F PP Nomor 28 Tahun 2025 (I.F.3681-4500).pdf,343,329,Industri S,eluruh K,ecil,Menengah,i. NIB dan,Memiliki,7 Hari. l.,Memiliki bukti,-,Sertifi-,Lokasi
26490,2.6f Lampiran I.F PP Nomor 28 Tahun 2025 (I.F.3681-4500).pdf,357,330,Industri S,elurlh Ke,cil,Menengah,NIB dan,,,. Otomatis 1,Memiliki bukti,Sertili-,"l,okasi"
26512,2.6f Lampiran I.F PP Nomor 28 Tahun 2025 (I.F.3681-4500).pdf,382,332,In,dustri S,eluruh K,ecil,Menengah,NIB dan,Otomatis L.,Memiliki bukti -,Sertifi-,"l,okasi",Bupati/
26513,2.6f Lampiran I.F PP Nomor 28 Tahun 2025 (I.F.3681-4500).pdf,394,,Industri S,elu ru h K,ecil,Menengah N,IB dan,Otomatis 1.,Memiliki bukti,-,Sertifi-,lrkasi,Bupati/
26520,2.6f Lampiran I.F PP Nomor 28 Tahun 2025 (I.F.3681-4500).pdf,417,,In,dustri S,eluruh Ke,cil,Menengah,NIB dan,Otomatis 1.,Memiliki bukti -,Sertifi-,Lokasi,Bupati/
26602,2.6f Lampiran I.F PP Nomor 28 Tahun 2025 (I.F.3681-4500).pdf,429,336,ln,dustri S,eluruh K,ecil,Menengah N,IB dan 1.,Memiliki,7 hai 1.,Memiliki bukti -,Sertili-,Lokasi
26710,2.6f Lampiran I.F PP Nomor 28 Tahun 2025 (I.F.3681-4500).pdf,451,,In,dustri S,eluruh Ke,cil,Menengah N,IB dan 1.,Memiliki,7 hari 1.,Memiliki bukti,Sertifi-,Lokasi
26791,2.6f Lampiran I.F PP Nomor 28 Tahun 2025 (I.F.3681-4500).pdf,466,338,In,dustri S,eluruh Ke,cil,Menengah N,IB dan l.,Memitiki,7 hari 1.,Memiliki bukti,Sertifi-,Lokasi
26792,2.6f Lampiran I.F PP Nomor 28 Tahun 2025 (I.F.3681-4500).pdf,481,339,In,dustri S,eluruh Ke,cil,Menengah N,IB dan,1.,Memiliki,7 Hari ]',Memiliki bukti -,Sertifi-
27111,2.6f Lampiran I.F PP Nomor 28 Tahun 2025 (I.F.3681-4500).pdf,511,341,In,dustri Seluruh K,ecil,Menengah,NIB dan,Otomatis 1.,Memiliki bukti -,Sertifi-,Lokasi,Bupati/,
90011,2.6f Lampiran I.F PP Nomor 28 Tahun 2025 (I.F.3681-4500).pdf,522,,,,,,,,,,,,
31141,2.6f Lampiran I.F PP Nomor 28 Tahun 2025 (I.F.3681-4500).pdf,534,t2l,(st,t6t,17t tEl,let,(10),l1u,,,,,
27120,2.6f Lampiran I.F PP Nomor 28 Tahun 2025 (I.F.3681-4500).pdf,542,344,Industri Seluruh Ke,cil M,enengah,,Otomatis,1.,- Memiliki bukti,Sertif!,Lokasi,,
27201,2.6f Lampiran I.F PP Nomor 28 Tahun 2025 (I.F.3681-4500).pdf,553,345,In,dustri Seluruh K,ecil,Menengah N,IB dan 1.,Memiliki,7 hari,. I,Memiliki bukti,-,Sertifr-
27202,2.6f Lampiran I.F PP Nomor 28 Tahun 2025 (I.F.3681-4500).pdf,568,346,In,dustri S,- eluruh,Kecil,Menengah,NIB dan,,Otomatis 1.,Memiliki bukti,-,Sertifi-
27320,2.6f Lampiran I.F PP Nomor 28 Tahun 2025 (I.F.3681-4500).pdf,610,349,ln,dustri S,eluruh K,ecil,Tinggi,l. NIB dan,Memiliki,7 Hari l,Memiliki bukti,-,Sertifi-
27330,2.6f Lampiran I.F PP Nomor 28 Tahun 2025 (I.F.3681-4500).pdf,627,350,In,dustri S,eluruh K,ecil,Menengah,NIB dan,,l. Otomatis,Memiliki bukti -,Sertifi-,Lokasi
27404,2.6f Lampiran I.F PP Nomor 28 Tahun 2025 (I.F.3681-4500).pdf,677,354,In,dustri Seluruh Kecil,Menengah,NIB dan,Otomatis 1.,Memiliki bukti -,Sertifi-,Lokasi,Bupati/,,
90011,2.6f Lampiran I.F PP Nomor 28 Tahun 2025 (I.F.3681-4500).pdf,689,,,,,,,,,,,,
27409,2.6f Lampiran I.F PP Nomor 28 Tahun 2025 (I.F.3681-4500).pdf,691,355,In,dustri S,eluruh Ke,cil,Menengah,,,Otornatis l.,Memiliki bukti -,Sertifi-,Lokasi
11165,2.6f Lampiran I.F PP Nomor 28 Tahun 2025 (I.F.3681-4500).pdf,691,,5 C,,,,,,,,,,
27510,2.6f Lampiran I.F PP Nomor 28 Tahun 2025 (I.F.3681-4500).pdf,706,356,In,dustri S,eluruh K,ecil,Menengah,NIB dan 1.,Memiliki,7 Harj. l.,Memiliki bukti -,Sertifi-,Lokasi
27530,2.6f Lampiran I.F PP Nomor 28 Tahun 2025 (I.F.3681-4500).pdf,745,358,In,dustri S,eluruh Ke,cil,Rendah N,IB,,,Otomatis l.,Memiliki bukti -,Sertifi-
11150,2.6f Lampiran I.F PP Nomor 28 Tahun 2025 (I.F.3681-4500).pdf,745,,1 C,,,,,,,,,,
27900,2.6f Lampiran I.F PP Nomor 28 Tahun 2025 (I.F.3681-4500).pdf,760,359,Industri S,eluruh Ke,cil,Menengah,NIB dan,,Otomatis 1.,Memiliki bukti,-,Sertili-,Lokasi
11157,2.6f Lampiran I.F PP Nomor 28 Tahun 2025 (I.F.3681-4500).pdf,760,,4 C,,,,,,,,,,
61171,2.6f Lampiran I.F PP Nomor 28 Tahun 2025 (I.F.3681-4500).pdf,781,(sl,(el,,(101,,,,,,,,
11157,2.6f Lampiran I.F PP Nomor 28 Tahun 2025 (I.F.3681-4500).pdf,782,,7 C,,,,,,,,,,
90011,2.6f Lampiran I.F PP Nomor 28 Tahun 2025 (I.F.3681-4500).pdf,793,,,,,,,,,,,,
28113,2.6f Lampiran I.F PP Nomor 28 Tahun 2025 (I.F.3681-4500).pdf,793,362,In,dustri S,eluruh K,ecil,Rendah NIB,,Otomatis 1.,Memiliki bukti,Sertifi-,Lokasi,Bupati/
28120,2.6f Lampiran I.F PP Nomor 28 Tahun 2025 (I.F.3681-4500).pdf,806,363,Industri S,eluruh Ke,cil,Rendah N,IB,,,Otomatis l.,Memiliki bukti,Sertifi-,"l,okasi"
28130,2.6f Lampiran I.F PP Nomor 28 Tahun 2025 (I.F.3681-4500).pdf,817,364,In,dustri S,eluruh I(,ecil,Menengah,NIB dan,Otomatis 1.,Memiliki bukti -,Sertifi-,Lokasi,Bupati/
32509,2.6h Lampiran I.F PP Nomor 28 Tahun 2025 (I.F.5249-11000).pdf,5,,Industri S,elurrh Ke,cil,Tinggi NIB dan Izin l.,Memiliki,7 Hai l.,Memiliki bukti -,Sertifikat,Lokasi,Bupati/,
32901,2.6h Lampiran I.F PP Nomor 28 Tahun 2025 (I.F.5249-11000).pdf,24,432,lndustri S,eluruh Ke,cil,Menengah,NIB dan,,Otomatis 1.,Memiliki bukti -,Sertifikat,Lokasi,
32902,2.6h Lampiran I.F PP Nomor 28 Tahun 2025 (I.F.5249-11000).pdf,33,433,In,dustri Se,luruh Ke,cil,Menengah,NIB dan,Otomatis,1.,Memiliki buldi -,Sertifikat,Lokasi
32903,2.6h Lampiran I.F PP Nomor 28 Tahun 2025 (I.F.5249-11000).pdf,41,434,In,dustri Se,luruh Ke,cil,Rendah N,IB,Otomatis,1.,Memiliki bukti,Sertifikat,Lokasi
32904,2.6h Lampiran I.F PP Nomor 28 Tahun 2025 (I.F.5249-11000).pdf,50,435,Industri Se,luruh Ke,cil,Menengah,NIB dan,Otomatis l.,Memiliki bukti,-,Sertifikat,Lokasi,Bupati/
32905,2.6h Lampiran I.F PP Nomor 28 Tahun 2025 (I.F.5249-11000).pdf,58,436,dustri Se,luruh Ke,cil,Rendah NIB,,Otomatis 1.,Memiliki bukti,Sertifrkat,Irkasi,,
32907,2.6h Lampiran I.F PP Nomor 28 Tahun 2025 (I.F.5249-11000).pdf,67,437,ln,dustri Se,luruh -,Kecil,Tinggi N,IB dan Izin 1.,Memiliki,7 Hai,1.,Memiliki bukti -,Sedifikat
32909,2.6h Lampiran I.F PP Nomor 28 Tahun 2025 (I.F.5249-11000).pdf,88,434,Industri Se,luruh Ke,cil,Renda}l N,IB,,,Otomatis 1-,Memiliki bukti -,Sertifikat,Inkasi
33111,2.6h Lampiran I.F PP Nomor 28 Tahun 2025 (I.F.5249-11000).pdf,99,,Reparasi Se,luruh,Kecil,Renda]l NI,B,Otomatis 1.,Memiiiki bukti,I-okasi,Bupati/,,
33112,2.6h Lampiran I.F PP Nomor 28 Tahun 2025 (I.F.5249-11000).pdf,104,,Re,parasi Se,luruh Ke,cil,Tinggi N,IB dan lzin 1.,Memiliki,7 Hai 1.,Memiliki bukti,-,Sertifikat
33119,2.6h Lampiran I.F PP Nomor 28 Tahun 2025 (I.F.5249-11000).pdf,121,,eparasi Se,lurrrh Ke,cil,Rendah NIB,,Otomatis 1.,Memiliki bulr,,,,
33122,2.6h Lampiran I.F PP Nomor 28 Tahun 2025 (I.F.5249-11000).pdf,140,443,parasi Se,luruh,Kecil,Menengah,,Otomatis,,,,,
33133,2.6h Lampiran I.F PP Nomor 28 Tahun 2025 (I.F.5249-11000).pdf,152,446,R,eparasi Se,lumh,Kecil,Menengah,N,IB darl,Otomatis,1.,Memiliki bukti,lzia
33142,2.6h Lampiran I.F PP Nomor 28 Tahun 2025 (I.F.5249-11000).pdf,160,444,Re,parasi Se,luruh -,Kecil,Rendah NIB,Otomatis 1.,Memiliki bukti,Lokasi,Bupati/,,
33149,2.6h Lampiran I.F PP Nomor 28 Tahun 2025 (I.F.5249-11000).pdf,164,449,R,eparasi Se,lumh -,Kecil,Menengah,N,IB dan,Otomatis 1.,Memiliki bukti,-,lzin
33151,2.6h Lampiran I.F PP Nomor 28 Tahun 2025 (I.F.5249-11000).pdf,168,450,Reparasi Re,- parasi,Kecit,Menengah,N,IB dan 1.,Memiliki,7 Hari 1.,Memiliki bukti -,Penyim-,
33153,2.6h Lampiran I.F PP Nomor 28 Tahun 2025 (I.F.5249-11000).pdf,183,,Re,parasi Se,lumh -,Kecil,Menengah,N,IB dan 1.,Memiliki,7 Her. 1.,Memiliki bukti,lzin
33159,2.6h Lampiran I.F PP Nomor 28 Tahun 2025 (I.F.5249-11000).pdf,188,,Re,parasi,Re,parasi,Kecil,Menengah,NIB dan 1.,Memiliki,7 Hai 1.,Memiliki bukti -,lzin
33190,2.6h Lampiran I.F PP Nomor 28 Tahun 2025 (I.F.5249-11000).pdf,197,,R,eparasi Se,luruh Ke,cil,Rendah N,IB,Otomatis 1.,Memiliki bukti,Lokasi,Bupati/,
33200,2.6h Lampiran I.F PP Nomor 28 Tahun 2025 (I.F.5249-11000).pdf,201,,In,stalasi/ Se,luruh,,Kecil,Rendah NIB,Otomatis,1.,Memiliki bukti,Lokasi,
35302,2.6h Lampiran I.F PP Nomor 28 Tahun 2025 (I.F.5249-11000).pdf,210,457,oduksi Se,luruh,Kecil,Rendah NIB,,Otomatis 1.,Memiliki bukti -,Sertifikat,Lokasi,Bupati/,
38212,2.6h Lampiran I.F PP Nomor 28 Tahun 2025 (I.F.5249-11000).pdf,217,458,Produksi S,eluruh,Kecil,Rendah N,IB,,Otomatis 1.,Memiliki bukti,-,Sertifikat,"l,okasi"
38301,2.6h Lampiran I.F PP Nomor 28 Tahun 2025 (I.F.5249-11000).pdf,222,459,Pe,mulih- Se,lumh,Kecil,Menengah,N,IB dan,Otomatis,1.,Memiliki bukti,Sertifikat
45201,2.6h Lampiran I.F PP Nomor 28 Tahun 2025 (I.F.5249-11000).pdf,233,,parasi Se,luruh -,Kecil,Menengah,N,IB dan,Otomatis,l.,Memiliki bukti,-,uji
45407,2.6h Lampiran I.F PP Nomor 28 Tahun 2025 (I.F.5249-11000).pdf,237,,Reparasi Se,luruh -,Kecil,Menengah,NI,B dan,Otomatis 1.,Memitiki bukti,Lokasi,Bupati/,
58120,2.6h Lampiran I.F PP Nomor 28 Tahun 2025 (I.F.5249-11000).pdf,241,,Pe,nerbit-,Kh,usus -,Kecil,Menengah,NI,B dan,Otomatis,1.,Memiliki bukti
58130,2.6h Lampiran I.F PP Nomor 28 Tahun 2025 (I.F.5249-11000).pdf,244,,Pe,nerbit- Kh,usus -,Kecil,Menengah,NI,B dan,,Otomatis 1.,Memiliki bukti,Lokasi
58190,2.6h Lampiran I.F PP Nomor 28 Tahun 2025 (I.F.5249-11000).pdf,249,,Ak,tivitas,Kh,usus -,Kecil,Menengah,NIB dan,,Otomatis 1.,Memiliki bukti,Lokasi
58200,2.6h Lampiran I.F PP Nomor 28 Tahun 2025 (I.F.5249-11000).pdf,254,,Pe,nerbit-,Se,lain -,Kecil,Menengah,NI,B dan,Otomatis,1.,Ivlemiliki bukti
67591,2.6h Lampiran I.F PP Nomor 28 Tahun 2025 (I.F.5249-11000).pdf,257,,Ak,tivitas,Kh,usus,Kecil,Menengah,NI,B dan,,Otomatis 1.,Memiliki bukti
59122,2.6h Lampiran I.F PP Nomor 28 Tahun 2025 (I.F.5249-11000).pdf,262,464,Ak,tivitas,Kh,usus -,Kecil,Menengah,NIB dan,,Otomatis l.,Memiliki bukti -,Pemberi-
61925,2.6h Lampiran I.F PP Nomor 28 Tahun 2025 (I.F.5249-11000).pdf,267,469,Ja,sa,Khusus - K,ecit M,enengah,NIB dan,Otomatis,. 1,Memililii bukti,Lokasi,Bupati/
62011,2.6h Lampiran I.F PP Nomor 28 Tahun 2025 (I.F.5249-11000).pdf,270,470,Ak,tivitas Se,luruh -,K,ecil,Menengah,NI,B darr,,Otomatis 1.,Memiliki bukti
62012,2.6h Lampiran I.F PP Nomor 28 Tahun 2025 (I.F.5249-11000).pdf,274,,Aktivitas Se,luruh -,K,ecil,Menengah,NIB dan,,Otomatis,1.,Memiliki bukti,Lokasi
61171,2.6h Lampiran I.F PP Nomor 28 Tahun 2025 (I.F.5249-11000).pdf,276,(st,(8),(el,(10),,,,,,,,
62013,2.6h Lampiran I.F PP Nomor 28 Tahun 2025 (I.F.5249-11000).pdf,277,,Ak,tivitas Se,lumh -,K,ecil,Menengah,NI,B dan,,Otomatis 1.,Memiliki bukti
62019,2.6h Lampiran I.F PP Nomor 28 Tahun 2025 (I.F.5249-11000).pdf,281,473,Ak,tivitas Seluruh -,Kecil,Menengah,NIB dan,,Otomatis,. 1,"l,,lemiliki bukti",Lokasi,Bupati/
62021,2.6h Lampiran I.F PP Nomor 28 Tahun 2025 (I.F.5249-11000).pdf,284,,Ak,tivitas Se,luruh -,K,ecil,Menengah,NI,B dan,1.,Memiliki,7 Han l
62029,2.6h Lampiran I.F PP Nomor 28 Tahun 2025 (I.F.5249-11000).pdf,289,+75,Aktivitas S,eluruh -,Kecil,Menengah,N,. IB dan 1,Memiliki,7 H^i 1.,Memiliki bukti -,Izin Edar,Lokasi
62090,2.6h Lampiran I.F PP Nomor 28 Tahun 2025 (I.F.5249-11000).pdf,296,476,Ak,tivitas Se,luruh -,K,ecil,Rendah NIB,,l. Otomatis,Memiliki bukti,Lokasi,Bupati/
63112,2.6h Lampiran I.F PP Nomor 28 Tahun 2025 (I.F.5249-11000).pdf,303,,Ak,tivitas Se,luruh,K,ecil,Menengah,NI,B dan 1.,Memiliki,7Ha 1.,Memiliki bukti
63122,2.6h Lampiran I.F PP Nomor 28 Tahun 2025 (I.F.5249-11000).pdf,311,480,Portal,Selain -,Kecil,Menengah,N,IB dan,,Otomatis,1.,Memiliki bukti -,Tanda
68130,2.6h Lampiran I.F PP Nomor 28 Tahun 2025 (I.F.5249-11000).pdf,314,,wasan Se,luruh Be,sai,Tinggi NIB dan lzin,1.,Memiliki,7 Hai 1.,Memiliki bukti -,Sertiflkat,,
70204,2.6h Lampiran I.F PP Nomor 28 Tahun 2025 (I.F.5249-11000).pdf,319,482,Ak,tivitas,,,,,,,,,
71102,2.6h Lampiran I.F PP Nomor 28 Tahun 2025 (I.F.5249-11000).pdf,322,483,Ak,tivitas Se,ktor -,K,ecil,Menengah,NI,B dan 1.,Memiliki,7 Hari,l.
71201,2.6h Lampiran I.F PP Nomor 28 Tahun 2025 (I.F.5249-11000).pdf,326,484,sa,Se,rtifftasi,,,,,,,,
90011,2.6h Lampiran I.F PP Nomor 28 Tahun 2025 (I.F.5249-11000).pdf,334,,,,,,,,,,,,
61171,2.6h Lampiran I.F PP Nomor 28 Tahun 2025 (I.F.5249-11000).pdf,339,(41,,(8t,lel,,,,,,,,
71206,2.6h Lampiran I.F PP Nomor 28 Tahun 2025 (I.F.5249-11000).pdf,340,,sa Seluruh - K,ecil,Menengah 1. Me,miliki,7 H?.i,,,,,,
72109,2.6h Lampiran I.F PP Nomor 28 Tahun 2025 (I.F.5249-11000).pdf,361,,Peneliti- Seluruh -,Kecil Rendah NIB,,Otomatis 1.,Memiliki bukti,Irkasi,Bupati/,,,,
74112,2.6h Lampiran I.F PP Nomor 28 Tahun 2025 (I.F.5249-11000).pdf,367,,Aktivitas Seluruh -,Kecil,Menengah,NIB dan Otomatis,1.,Memiliki buldi,Irkasi,Bupati/,,,
74116,2.6h Lampiran I.F PP Nomor 28 Tahun 2025 (I.F.5249-11000).pdf,379,,Aktivitas Seluruh -,Kecil Menengah,NIB dan Otomatis,l.,Memiliki bukti,Lokasi,,,,,
74118,2.6h Lampiran I.F PP Nomor 28 Tahun 2025 (I.F.5249-11000).pdf,386,,Kecil,Menengah,Otomatis 1.,Memiliki bukti,,Lokasi,,,,,
74119,2.6h Lampiran I.F PP Nomor 28 Tahun 2025 (I.F.5249-11000).pdf,390,499,Ak,tivitas Seluruh -,K,ecil,Menengah,NIB dan Otomatis,1.,Memiliki buldi,Lokasi,Bupati/,
42920,2.6h Lampiran I.F PP Nomor 28 Tahun 2025 (I.F.5249-11000).pdf,402,so2,Aktivitas Seluruh Ke,cil,Menengah,NIB dan Otomatis 1.,Memiliki bukti,-,Izin Edar,Lokasi,Bupati/,,
95110,2.6h Lampiran I.F PP Nomor 28 Tahun 2025 (I.F.5249-11000).pdf,411,,Reparasi Selurrh Kecil,Rendah NIB,Otomatis 1.,Memiliki bukti,Lokasi,Bupati/,,,,,
95230,2.6h Lampiran I.F PP Nomor 28 Tahun 2025 (I.F.5249-11000).pdf,431,,R,eparasi Seluruh -,Kecil Rendah NIB Otomatis,1.,Memiliki bukti,lrkasi,Bupati/,,,,
95299,2.6h Lampiran I.F PP Nomor 28 Tahun 2025 (I.F.5249-11000).pdf,439,,Reparasi Seluruh Ke,cil,Rendah NIB,Otometis 1.,Memiliki bukti,Lokasi,Bupati/,,,,
68200,2.7 Lampiran I.G PP Nomor 28 Tahun 2025 (I.G.1-341).pdf,1,1,Re,al Estat S,eluruh,Mikro,Menengah,NIB dan 1.,Badan usaha,3 Hari,i.,Memiliki Seluruh,Menteri/
47751,2.7 Lampiran I.G PP Nomor 28 Tahun 2025 (I.G.1-341).pdf,5,No 1,,,,,,,,,,,
17025,2.7 Lampiran I.G PP Nomor 28 Tahun 2025 (I.G.1-341).pdf,9,,,,,,,,,,,,
47764,2.7 Lampiran I.G PP Nomor 28 Tahun 2025 (I.G.1-341).pdf,18,No,,,,,,,,,,,
45101,2.7 Lampiran I.G PP Nomor 28 Tahun 2025 (I.G.1-341).pdf,37,6,Perdagang- S,eluruh,Mikro,Rendah,NIB,Otomatis,Men,yampaikan -,Surat,Provinsi,Gubernur
45102,2.7 Lampiran I.G PP Nomor 28 Tahun 2025 (I.G.1-341).pdf,38,7,Perdagang- S,eluruh,-,Mikro,Rendah NIB,Otomatis,Menyampaikan,-,Tanda,Provinsi,Gubernur
45103,2.7 Lampiran I.G PP Nomor 28 Tahun 2025 (I.G.1-341).pdf,39,8,Pe,rdagang- S,eluruh,-,Mikro,Rendah,NIB,Otomatis,Menyampaikan,-,Tanda
45202,2.7 Lampiran I.G PP Nomor 28 Tahun 2025 (I.G.1-341).pdf,40,10,Pencucian S,eluruh,-,Mikro,Rendah,NIB,Otomatis,Menyampaikan,,Provinsi,Gubernur
45301,2.7 Lampiran I.G PP Nomor 28 Tahun 2025 (I.G.1-341).pdf,40,11,Perdagang- S,eluruh,-,Mikro,Rendah,NIB,Otomatis,Menyampaikan -,Surat,Provinsi,Gubernur
45302,2.7 Lampiran I.G PP Nomor 28 Tahun 2025 (I.G.1-341).pdf,41,t2,Per,dagang- S,eluruh,-,Mikro,Rendah,NIB,Otomatis,Menyampaikan P,enetapan,Provinsi
45401,2.7 Lampiran I.G PP Nomor 28 Tahun 2025 (I.G.1-341).pdf,42,13,Perdagang- S,eluruh,-,Mikro,Rendah NIB,Otomatis,Menyampaikan,-,Surat,Provinsi,Gubernur
45402,2.7 Lampiran I.G PP Nomor 28 Tahun 2025 (I.G.1-341).pdf,43,l4,Perdagang- S,eluruh,Mikro,Rendah,NIB,Otomatis,Menyampaikan,-,Tanda,Provinsi,
45403,2.7 Lampiran I.G PP Nomor 28 Tahun 2025 (I.G.1-341).pdf,43,15,Perdagang- S,eluruh,Mikro,Rendah,NIB,Otomatis,Menyampaikan,-,Tanda,Provinsi,
45404,2.7 Lampiran I.G PP Nomor 28 Tahun 2025 (I.G.1-341).pdf,44,16,Pe,rdagang- S,eluruh,Mikro,Rendah,NIB,Otomatis,Menyampaikan,-,Tanda,Provinsi
45405,2.7 Lampiran I.G PP Nomor 28 Tahun 2025 (I.G.1-341).pdf,44,t7,Pe,rdagang- S,eluruh,Mikro,Rendah,NIB,Otomatis,Menyampaikan,-,Surat,Provinsi
45406,2.7 Lampiran I.G PP Nomor 28 Tahun 2025 (I.G.1-341).pdf,45,18,Perdagang-,S,eluruh,Mikro,Rendah NIB,Otomatis,Menyampaikan P,enetapan,Provinsi,Gubernur,
46100,2.7 Lampiran I.G PP Nomor 28 Tahun 2025 (I.G.1-341).pdf,45,19,Perdagang-,S,"eluruh,",Mikro R,endah NIB,Otomatis,Menyampaikan -,Surat,Provinsi,Gubernur,
46202,2.7 Lampiran I.G PP Nomor 28 Tahun 2025 (I.G.1-341).pdf,48,20,Perdagang- S,eluruh,-,Mikro,Rendah,NIB,Otomatis,Menyampaikan,-,Surat,Provinsi
46203,2.7 Lampiran I.G PP Nomor 28 Tahun 2025 (I.G.1-341).pdf,50,2t,Perdagang- S,eluruh,-,Mikro,Rendah,NIB,Otomatis,Menyampaikan,-,Surat,Provinsi
46204,2.7 Lampiran I.G PP Nomor 28 Tahun 2025 (I.G.1-341).pdf,51,oo,Perdagang- S,eluruh,-,Mi,kro,Rendah NIB,Otomatis,Menyampaikan -,Surat,Provinsi,Gubernur
47797,2.7 Lampiran I.G PP Nomor 28 Tahun 2025 (I.G.1-341).pdf,51,No 1,,,,,,,,,,,
46205,2.7 Lampiran I.G PP Nomor 28 Tahun 2025 (I.G.1-341).pdf,52,23,Perdagang- S,eluruh,-,Mikro,Rendah,NIB,Otomatis,Menyampaikan,-,Surat,Provinsi
46207,2.7 Lampiran I.G PP Nomor 28 Tahun 2025 (I.G.1-341).pdf,52,24,Perdagang- S,eluruh,-,Mikro,Rendah,NIB,Otomatis,Menyampaikan,-,Surat,Provinsi
46208,2.7 Lampiran I.G PP Nomor 28 Tahun 2025 (I.G.1-341).pdf,53,25,Pe,rdagang- S,eluruh,-,Mikro,Rendah NIB,Otomatis,Menyampaikan -,Surat,Provinsi,Gubernur
46313,2.7 Lampiran I.G PP Nomor 28 Tahun 2025 (I.G.1-341).pdf,57,27,dagang- S,eluruh,-Mi,kro,Rendah,NIB,Otomatis,Menyampaikan,-,Surat,Provinsi
46314,2.7 Lampiran I.G PP Nomor 28 Tahun 2025 (I.G.1-341).pdf,59,28,Perdagang- S,eluruh,-,Mikro,Rendah,NIB,Otomatis,Menyampaikan,-,Surat,Provinsi
46323,2.7 Lampiran I.G PP Nomor 28 Tahun 2025 (I.G.1-341).pdf,63,29,Perdagang- S,eluruh,-,Mi,kro,Rendah,NIB,Otomatis,Menyampaikan,-,SuratTanda
46326,2.7 Lampiran I.G PP Nomor 28 Tahun 2025 (I.G.1-341).pdf,66,30,Perdagang- S,eluruh,-,Mi,kro,Rendah,NIB,Otomatis,Menyampaikan,-,Surat
46327,2.7 Lampiran I.G PP Nomor 28 Tahun 2025 (I.G.1-341).pdf,69,31,Perdagang- S,eluruh,-,Mikro,Rendah,NIB,Otomatis,Menyampaikan,-,Surat,Provinsi
46329,2.7 Lampiran I.G PP Nomor 28 Tahun 2025 (I.G.1-341).pdf,72,32,Perdagang- S,eluruh,-,Mikro,Rendah NIB,Otomatis,Menyampaikan,-,Surat,Provinsi,Gubernur
46332,2.7 Lampiran I.G PP Nomor 28 Tahun 2025 (I.G.1-341).pdf,74,33,Perdagang- S,eluruh,-Mi,kro,Rendah,NIB,Otomatis,Menyampaikan,-,Surat,Provinsi
46333,2.7 Lampiran I.G PP Nomor 28 Tahun 2025 (I.G.1-341).pdf,77,34,Perdagang-,Distributor -Me,nengah,Tinggi,NIB dan 1.,Badan Hukum,5 Hari 1.,Menerapkan,-,Surat Seluruh,Menteri/
47828,2.7 Lampiran I.G PP Nomor 28 Tahun 2025 (I.G.1-341).pdf,82,No,,,,,,,,,,,
46334,2.7 Lampiran I.G PP Nomor 28 Tahun 2025 (I.G.1-341).pdf,84,35,Perdagang- S,eluruh,-Mi,kro,Rendah NIB,Otomatis,Menya,mpaikan -,Surat,Provinsi,Gubernur
46335,2.7 Lampiran I.G PP Nomor 28 Tahun 2025 (I.G.1-341).pdf,89,36,Perdagang- S,eluruh,-,Mikro,Rendah NIB,Otomatis,Menyampaikan,-,Surat,Provinsi,Gubernur
47835,2.7 Lampiran I.G PP Nomor 28 Tahun 2025 (I.G.1-341).pdf,89,No 1,,,,,,,,,,,
46414,2.7 Lampiran I.G PP Nomor 28 Tahun 2025 (I.G.1-341).pdf,93,40,Perdagalg- S,eluruh,-Mi,kro,Rendah NIB,Otomatis,Menyampaikan,-,Surat,Provinsi,Gubernur
46421,2.7 Lampiran I.G PP Nomor 28 Tahun 2025 (I.G.1-341).pdf,94,42,Perdagang- S,eluruh,-,"Mikro,",Rendah,NIB,Otomatis,Menyampaikan,-,Surat,Provinsi
46422,2.7 Lampiran I.G PP Nomor 28 Tahun 2025 (I.G.1-341).pdf,95,43,Perdagang- S,eluruh,-Mi,kro,Rendah,NIB,Otoma[is,Menyampaikan -,Surat,Provinsi,Gubernur
46430,2.7 Lampiran I.G PP Nomor 28 Tahun 2025 (I.G.1-341).pdf,96,44,Perdagang- S,eluruh,-,Mikro,Rendah NIB,Otomatis,Menyampaikan -,Surat,Provinsi,Gubernur,
46492,2.7 Lampiran I.G PP Nomor 28 Tahun 2025 (I.G.1-341).pdf,98,46,Perdagang- S,eluruh,-,M,ikro,Rendah,NIB,Otomatis,Menyampaikan -,Surat,Provinsi
46493,2.7 Lampiran I.G PP Nomor 28 Tahun 2025 (I.G.1-341).pdf,99,47,rdagang- S,eluruh,-,Mi,kro,Rendah,NIB,Otomatis,Menyampaikan,-,Surat
46494,2.7 Lampiran I.G PP Nomor 28 Tahun 2025 (I.G.1-341).pdf,100,48,Perdagang- S,eluruh,-,Mikro,Rendah NIB,Otomatis,Menyampaikan,-,Surat,Provinsi,Gubernur
46495,2.7 Lampiran I.G PP Nomor 28 Tahun 2025 (I.G.1-341).pdf,101,49,Perdagang- S,eluruh,-Mi,kro,Rendah,NIB,Otomatis,Menyampaikan,-,Surat,Provinsi
46499,2.7 Lampiran I.G PP Nomor 28 Tahun 2025 (I.G.1-341).pdf,101,50,Perdagang- S,eluruh,-Mi,kro,Rendah,NIB,Otomatis,Menyampaikan,-,Surat,Provinsi
47851,2.7 Lampiran I.G PP Nomor 28 Tahun 2025 (I.G.1-341).pdf,105,No 1,,,,,,,,,,,
46521,2.7 Lampiran I.G PP Nomor 28 Tahun 2025 (I.G.1-341).pdf,106,,Perdagang- S,eluruh,-Mi,kro,Rendah,NIB,Otomatis,Menyampaikan,-,Surat,Provinsi
46522,2.7 Lampiran I.G PP Nomor 28 Tahun 2025 (I.G.1-341).pdf,107,54,Perdagang- S,eluruh,Mi,kro,Rendah,NIB,Otomatis,Menyampaikan -,Surat,Provinsi,Gubernur
46523,2.7 Lampiran I.G PP Nomor 28 Tahun 2025 (I.G.1-341).pdf,108,55,Perdagang- S,eluruh,-Mikro,Rendah NIB,Otomatis,Menyampaikan -,Tanda,Provinsi,Gubernur,,
46530,2.7 Lampiran I.G PP Nomor 28 Tahun 2025 (I.G.1-341).pdf,109,56,Perdagang- S,eluruh,-Mi,kro,Rendah,NIB,Otomatis,Menyampaikan -,Surat,Provinsi,Gubernur
46591,2.7 Lampiran I.G PP Nomor 28 Tahun 2025 (I.G.1-341).pdf,110,57,Perdagang- S,eluruh,-Mi,kro,Rendah,NIB,Otomatis,Menyampaikan,-,Surat,Provinsi
46592,2.7 Lampiran I.G PP Nomor 28 Tahun 2025 (I.G.1-341).pdf,111,58,Perdagang- S,eluruh,-Mi,kro,Rendah,NIB,Otomatis,Menyampaikan -,Surat,Provinsi,Gubernur
46593,2.7 Lampiran I.G PP Nomor 28 Tahun 2025 (I.G.1-341).pdf,112,59,Perdagang- S,eluruh,-Mi,kro,Rendah NIB,Otomatis,Menyampaikan,-,Surat,Provinsi,Gubernur
46594,2.7 Lampiran I.G PP Nomor 28 Tahun 2025 (I.G.1-341).pdf,112,60,Perdagang- S,eluruh,-Mi,kro,Rendah NIB,Otomatis,Menyampaikan,-,Surat,Provinsi,Gubernur
46599,2.7 Lampiran I.G PP Nomor 28 Tahun 2025 (I.G.1-341).pdf,113,61,Perdagang- S,eluruh,-Mi,kro,Rendah,NIB,Otomatis,Menyampaikan,Surat,Provinsi,Gubernur
46632,2.7 Lampiran I.G PP Nomor 28 Tahun 2025 (I.G.1-341).pdf,114,62,dagang- S,eluruh,-Mi,kro,Rendah,NIB,Otomatis,Menyampaikan -,Surat,Provinsi,Gubernur
46635,2.7 Lampiran I.G PP Nomor 28 Tahun 2025 (I.G.1-341).pdf,115,63,Perdagang- S,eluruh,-,Mikro,Rendah,NIB,Otomatis,Menyampaikan,-,Surat,Provinsi
47861,2.7 Lampiran I.G PP Nomor 28 Tahun 2025 (I.G.1-341).pdf,115,No 1,,,,,,,,,,,
46637,2.7 Lampiran I.G PP Nomor 28 Tahun 2025 (I.G.1-341).pdf,116,64,dagang- S,eluruh,-Mi,kro,Rendah,NIB,Otomatis,Menyampaikan -,Surat,Provinsi,Gubernur
46651,2.7 Lampiran I.G PP Nomor 28 Tahun 2025 (I.G.1-341).pdf,117,65,Perdagang- S,eluruh,I Mi,kro,Rendah,NIB,Otomatis,Menyampaikan,-,Surat,Provinsi
46693,2.7 Lampiran I.G PP Nomor 28 Tahun 2025 (I.G.1-341).pdf,118,66,Perdagang- S,eluruh,-Mi,kro,Rendah,NIB,Otomatis,Menyampaikan,-,Surat,Provinsi
46694,2.7 Lampiran I.G PP Nomor 28 Tahun 2025 (I.G.1-341).pdf,119,67,Perdagang- S,eluruh,-Mi,kro,Rendah,NIB,Otomatis,Menyampaikan -,Surat,Provinsi,Gubernur
46695,2.7 Lampiran I.G PP Nomor 28 Tahun 2025 (I.G.1-341).pdf,120,68,Perdagang- S,eluruh,-Mi,kro,Rendah NIB,Otomatis,Menyampaikan -,Surat,Provinsi,Gubernur,
46696,2.7 Lampiran I.G PP Nomor 28 Tahun 2025 (I.G.1-341).pdf,121,69,Perdagang- S,eluruh,-,Mi,kro,Rendah NIB,Otomatis,Menyampaikan P,enetapan,Provinsi,Gubernur
46699,2.7 Lampiran I.G PP Nomor 28 Tahun 2025 (I.G.1-341).pdf,121,70,Perdagang- S,eluruh,-,Mi,kro,Rendah NIB,Otomatis,Menyampaikan -,Surat,Provinsi,Gubernur
46900,2.7 Lampiran I.G PP Nomor 28 Tahun 2025 (I.G.1-341).pdf,122,7l,Perdagang-,Grosir/,-,Mikro,Rendah NIB,Otomatis 1.,Pendirian -,Penetap-,Provinsi,Gubernur,
47885,2.7 Lampiran I.G PP Nomor 28 Tahun 2025 (I.G.1-341).pdf,139,No 1,,,,,,,,,,,
47211,2.7 Lampiran I.G PP Nomor 28 Tahun 2025 (I.G.1-341).pdf,146,76,Pe,rdagang- S,eluruh,-,Mikro,Rendah,NIB,Otomatis,Menyampaikan,-,Penetapan
47222,2.7 Lampiran I.G PP Nomor 28 Tahun 2025 (I.G.1-341).pdf,164,83,Pe,rdagang- S,eluruh,- M,ikro,Rendah,NIB,Otomatis,Menyampaikan -,Penetap-,Provinsi
47230,2.7 Lampiran I.G PP Nomor 28 Tahun 2025 (I.G.1-341).pdf,164,84,Per,dagang- S,eluruh,-Mi,kro,Rendah,NIB,Otomatis,Menyampaikan P,enetapan,Provinsi
47241,2.7 Lampiran I.G PP Nomor 28 Tahun 2025 (I.G.1-341).pdf,165,85,Pe,rdagang- S,eluruh,-Mikro,Rendah,NIB,Otomatis,Menyampaikan -,Penetap-,Provinsi,Gubernur
47242,2.7 Lampiran I.G PP Nomor 28 Tahun 2025 (I.G.1-341).pdf,166,86,Pe,rdagang- S,eluruh,-Mi,kro,Rendah NIB,Otomatis,Menyampaikan,-,Penetap-,Provinsi
47243,2.7 Lampiran I.G PP Nomor 28 Tahun 2025 (I.G.1-341).pdf,167,87,Pe,rdagang- S,eluruh,-Mi,kro,Rendah NIB,Otomatis,Menyampaikan -,Penetap-,Provinsi,Gubernur
47244,2.7 Lampiran I.G PP Nomor 28 Tahun 2025 (I.G.1-341).pdf,168,88,Per,dagang- S,eluruh,-Mi,kro,Rendah,NIB,Otomatis,Menyampaikan P,enetapan,Provinsi
47245,2.7 Lampiran I.G PP Nomor 28 Tahun 2025 (I.G.1-341).pdf,168,89,Per,dagang- S,eluruh,-Mi,kro,Rendah,NIB,Otomatis,Menyampaikan,Penetap-,Provinsi
47914,2.7 Lampiran I.G PP Nomor 28 Tahun 2025 (I.G.1-341).pdf,168,"No 1,",,,,,,,,,,,
47249,2.7 Lampiran I.G PP Nomor 28 Tahun 2025 (I.G.1-341).pdf,169,90,Pe,rdagang- S,eluruh,-Mi,kro,Rendah,NIB,Otomatis,Menyampaikan -,Penetap-,Provinsi
47303,2.7 Lampiran I.G PP Nomor 28 Tahun 2025 (I.G.1-341).pdf,171,91,Pe,rdagang- S,eluruh,-Mi,kro,Rendah,NIB,Otomatis,Menyampaikan P,enetapan,Provinsi
47420,2.7 Lampiran I.G PP Nomor 28 Tahun 2025 (I.G.1-341).pdf,174,97,Per,dagang- S,eluruh,-Mi,kro,Rendah,NIB,Otomatis,Menyampaikan,Penetapan,Provinsi
47517,2.7 Lampiran I.G PP Nomor 28 Tahun 2025 (I.G.1-341).pdf,175,98,Pe,rdagang- S,eluruh,-,Mi,kro,Rendah,NIB,Otomatis,Menyampaikan,Penetapan
47522,2.7 Lampiran I.G PP Nomor 28 Tahun 2025 (I.G.1-341).pdf,177,t02,Per,dagang- S,eluruh,-,Mikro,Rendah,NIB,Otomatis,Menyampaikan,Penetapan,Provinsi
47523,2.7 Lampiran I.G PP Nomor 28 Tahun 2025 (I.G.1-341).pdf,177,103,Per,dagang- S,eluruh,-,Mikro,Rendah,NIB,Otomatis,Menyampaikan,Penetapan,Provinsi
47524,2.7 Lampiran I.G PP Nomor 28 Tahun 2025 (I.G.1-341).pdf,178,t04,Per,dagang- S,eluruh,-Mi,kro,Rendah,NIB,Otomatis,Menyampaikan,Penetapan,Provinsi
47525,2.7 Lampiran I.G PP Nomor 28 Tahun 2025 (I.G.1-341).pdf,178,105,Per,dagang- S,eluruh,-Mi,kro,Rendah,NIB,Otomatis,Menyampaikan,Penetapan,Provinsi
47526,2.7 Lampiran I.G PP Nomor 28 Tahun 2025 (I.G.1-341).pdf,179,106,Pe,rdagang- S,eluruh,-Mi,kro,Rendah,NIB,Otomatis,Menyampaikan,Penetapan,Provinsi
47527,2.7 Lampiran I.G PP Nomor 28 Tahun 2025 (I.G.1-341).pdf,179,t07,Per,dagang- S,eluruh,-Mi,kro,Rendah,NIB,Otomatis,Menyampaikan,Penetapan,Provinsi
47528,2.7 Lampiran I.G PP Nomor 28 Tahun 2025 (I.G.1-341).pdf,180,108,Per,dagang- S,eluruh,-Mi,kro,Rendah,NIB,Otomatis,Menyampaikan,Penetapan,Provinsi
47529,2.7 Lampiran I.G PP Nomor 28 Tahun 2025 (I.G.1-341).pdf,180,109,Per,dagang- S,eluruh,-Mi,kro,Rendah,NIB,Otomatis,Menyampaikan,Penetapan,Provinsi
47530,2.7 Lampiran I.G PP Nomor 28 Tahun 2025 (I.G.1-341).pdf,181,110,Pe,rdagang- S,eluruh,-,Mi,kro,Rendah NIB,Otomatis,Menyampaikan,Penetapan,Provinsi
47592,2.7 Lampiran I.G PP Nomor 28 Tahun 2025 (I.G.1-341).pdf,182,r12,Perdagang- S,eluruh,- Mi,kro,Rendah,NIB,Otomatis,Menyampaikan,Penetapan,Provinsi,Gubernur
47593,2.7 Lampiran I.G PP Nomor 28 Tahun 2025 (I.G.1-341).pdf,182,113,Perdagang- S,eluruh,-Mi,kro,Rendah,NIB,Otomatis,Menyampaikan,Penetapan,Provinsi,Gubernur
47594,2.7 Lampiran I.G PP Nomor 28 Tahun 2025 (I.G.1-341).pdf,183,l14,Pe,rdagang- S,eluruh,-Mi,kro,Rendah,NIB,Otomatis,Menyampaikan,Penetapan,Provinsi
47595,2.7 Lampiran I.G PP Nomor 28 Tahun 2025 (I.G.1-341).pdf,183,115,Pe,rdagang- S,eluruh,-Mi,kro,Rendah,NIB,Otomatis,Menyampaikan,Penetapan,Provinsi
47596,2.7 Lampiran I.G PP Nomor 28 Tahun 2025 (I.G.1-341).pdf,184,116,Per,dagang- S,eluruh,-Mi,kro,Rendah,NIB,Otomatis,Menyampaikan,Penetapan,Provinsi
47597,2.7 Lampiran I.G PP Nomor 28 Tahun 2025 (I.G.1-341).pdf,184,tt7,Per,dagang- S,eluruh,-Mi,kro,Rendah,NIB,Otomatis,Menyampaikan,Penetapan,Provinsi
47599,2.7 Lampiran I.G PP Nomor 28 Tahun 2025 (I.G.1-341).pdf,185,118,Pe,rdagang- S,eluruh,-Mi,kro,Rendah NIB,Otomatis,Menyampaikan,Penetapan,Provinsi,Gubernur
47620,2.7 Lampiran I.G PP Nomor 28 Tahun 2025 (I.G.1-341).pdf,186,L2t,Perdagang- S,eluruh,-,Mikro,Rendah NIB,Otomatis,Menyampaikan,Penetapan,Provinsi,Gubernur,
47630,2.7 Lampiran I.G PP Nomor 28 Tahun 2025 (I.G.1-341).pdf,187,L22,Per,dagang- S,eluruh,-,Mi,kro,Rendah,NIB,Otomatis,Menyampaikan,Penetapan
47640,2.7 Lampiran I.G PP Nomor 28 Tahun 2025 (I.G.1-341).pdf,187,t23,Per,dagang- S,eluruh,-,Mi,kro,Rendah,NIB,Otomatis,Menyampaikan,Penetapan
47650,2.7 Lampiran I.G PP Nomor 28 Tahun 2025 (I.G.1-341).pdf,188,t24,Pe,rdagang- S,eluruh,-,Mi,kro,Rendah,NIB,Otomatis,Menyampaikan,Penetapan
47712,2.7 Lampiran I.G PP Nomor 28 Tahun 2025 (I.G.1-341).pdf,189,t26,Pe,rdagang- S,eluruh,-Mi,kro,Rendah,NIB,Otomatis,Menyampaikan,Penetapan,Provinsi
47713,2.7 Lampiran I.G PP Nomor 28 Tahun 2025 (I.G.1-341).pdf,189,r27,Per,dagang- S,eluruh,-Mi,kro R,endah,NIB,Otomatis,Menyampaikan,Penetapan,Provinsi
47732,2.7 Lampiran I.G PP Nomor 28 Tahun 2025 (I.G.1-341).pdf,191,130,Per,dagang- S,eluruh,-Mi,kro,Rendah,NIB,Otomatis,Menyampaikan,Penetapan,Provinsi
47733,2.7 Lampiran I.G PP Nomor 28 Tahun 2025 (I.G.1-341).pdf,191,131,Per,dagang- S,eluruh,-Mi,kro,Rendah,NIB,Otomatis,Menyampaikan,Penetapan,Provinsi
47734,2.7 Lampiran I.G PP Nomor 28 Tahun 2025 (I.G.1-341).pdf,192,L32,Pe,rdagang- S,eluruh,-Mi,kro,Rendah NIB,Otomatis,Menyampaikan,Penetapan,Provinsi,Gubernur
47735,2.7 Lampiran I.G PP Nomor 28 Tahun 2025 (I.G.1-341).pdf,192,133,Pe,rdagang- S,eluruh,-Mi,kro,Rendah NIB,Otomatis,Menyampaikan,Penetapan,Provinsi,Gubernur
47736,2.7 Lampiran I.G PP Nomor 28 Tahun 2025 (I.G.1-341).pdf,193,t34,Perdagang- S,eluruh,-,Mi,kro,Rendah,NIB,Otomatis,Menyampaikan,Penetapan,Provinsi
47737,2.7 Lampiran I.G PP Nomor 28 Tahun 2025 (I.G.1-341).pdf,193,135,Perdagang- S,eluruh,-,Mi,kro,Rendah,NIB,Otomatis,Menyampaikan,Penetapan,Provinsi
47739,2.7 Lampiran I.G PP Nomor 28 Tahun 2025 (I.G.1-341).pdf,194,136,Pe,rdagang- S,eluruh,-,Mikro,Rendah,NIB,Otomatis,Menyampaikan,Penetapan,Provinsi
47741,2.7 Lampiran I.G PP Nomor 28 Tahun 2025 (I.G.1-341).pdf,194,t37,Pe,rdagang- S,eluruh,-,Mikro,Rendah,NIB,Otomatis,Menyampaikan,Penetapan,Provinsi
47742,2.7 Lampiran I.G PP Nomor 28 Tahun 2025 (I.G.1-341).pdf,195,138,Perdagang- S,eluruh,-,Mi,kro,Rendah,NIB,Otomatis,Menyampaikan,Penetapan,Provinsi
47743,2.7 Lampiran I.G PP Nomor 28 Tahun 2025 (I.G.1-341).pdf,195,139,Perdagang- S,eluruh,-,Mi,kro,Rendah,NIB,Otomatis,Menyampaikan,Penetapan,Provinsi
47744,2.7 Lampiran I.G PP Nomor 28 Tahun 2025 (I.G.1-341).pdf,196,t40,Pe,rdagang- S,eluruh,-Mi,kro,Rendah,NIB,Otomatis,Menyampaikan,Penetapan,Provinsi
47745,2.7 Lampiran I.G PP Nomor 28 Tahun 2025 (I.G.1-341).pdf,196,L41,Pe,rdagang- S,eluruh,-Mi,kro,Rendah,NIB,Otomatis,Menyampaikan,Penetapan,Provinsi
47746,2.7 Lampiran I.G PP Nomor 28 Tahun 2025 (I.G.1-341).pdf,197,I42,Per,dagang- S,eluruh,-Mi,kro,Rendah,NIB,Otomatis,Menyampaikan,Penetapan,Provinsi
47749,2.7 Lampiran I.G PP Nomor 28 Tahun 2025 (I.G.1-341).pdf,197,L43,Per,dagang- S,eluruh,-Mi,kro,Rendah,NIB,Otomalis,Menyampaikan,Penetapan,Provinsi
47751,2.7 Lampiran I.G PP Nomor 28 Tahun 2025 (I.G.1-341).pdf,198,44,Pe,rdagang- S,eluruh,-Mi,kro,Rendah NIB,Otomatis,Menyampaikan,Penetapan,Provinsi,Gubernur
47752,2.7 Lampiran I.G PP Nomor 28 Tahun 2025 (I.G.1-341).pdf,198,45,Per,dagang- S,eluruh,-Mi,kro,Rendah NIB,Otomatis,Menyampaikan,Penetapan,Provinsi,Gubernur
47754,2.7 Lampiran I.G PP Nomor 28 Tahun 2025 (I.G.1-341).pdf,199,t46,Pe,rdagang- S,eluruh,-Mi,kro,Rendah,NIB,Otomatis,Menyampaikan -,Penetapan,Provinsi
47761,2.7 Lampiran I.G PP Nomor 28 Tahun 2025 (I.G.1-341).pdf,199,t47,Pe,rdagang- S,eluruh,-Mi,kro,Rendah,NIB,Otomatis,Menyampaikan P,enetapan,Provinsi
47762,2.7 Lampiran I.G PP Nomor 28 Tahun 2025 (I.G.1-341).pdf,200,148,Pe,rdagang- S,eluruh,-Mi,kro R,endah NIB,Otomatis,Menyampaikan P,enetapan,Provinsi,Gubernur
47763,2.7 Lampiran I.G PP Nomor 28 Tahun 2025 (I.G.1-341).pdf,200,t49,Pe,rdagang- S,eluruh,-Mi,kro R,endah NIB,Otomatis,Menyampaikan -,Penetapan,Provinsi,Gubernur
47764,2.7 Lampiran I.G PP Nomor 28 Tahun 2025 (I.G.1-341).pdf,201,150,Per,dagang- S,eluruh,-Mi,kro,Rendah,NIB,Otomatis,Menyampaikan,P,enetapan
47773,2.7 Lampiran I.G PP Nomor 28 Tahun 2025 (I.G.1-341).pdf,202,51,Pe,rdagang- S,eluruh,-Mi,kro,Rendah,NIB,Otomatis,Menyampaikan,Penetapan,Provinsi
47774,2.7 Lampiran I.G PP Nomor 28 Tahun 2025 (I.G.1-341).pdf,202,52,Pe,rdagang- S,eluruh,-Mi,kro,Rendah,NIB,Otomatis,Menyampaikan,Penetapan,Provinsi
47781,2.7 Lampiran I.G PP Nomor 28 Tahun 2025 (I.G.1-341).pdf,203,153,Pe,rdagang- S,eluruh,-Mi,kro,Rendah,NIB,Otomatis,Menyampaikan,Penetapan,Provinsi
47782,2.7 Lampiran I.G PP Nomor 28 Tahun 2025 (I.G.1-341).pdf,203,154,Pe,rdagang- S,eluruh,-Mi,kro,Rendah,NIB,Otomatis,Menyampaikan,- Pusat,Provinsi
47783,2.7 Lampiran I.G PP Nomor 28 Tahun 2025 (I.G.1-341).pdf,204,155,Pe,rdagang- S,eluruh,-,Mi,kro R,endah,NIB,Otomatis,Menyampaikan,Penetapan
47784,2.7 Lampiran I.G PP Nomor 28 Tahun 2025 (I.G.1-341).pdf,204,156,Per,dagang- S,eluruh,-,Mi,kro R,endah,NIB,Otomatis,Menyampaikan,Penetapan
47785,2.7 Lampiran I.G PP Nomor 28 Tahun 2025 (I.G.1-341).pdf,205,t57,Pe,rdagang- S,eluruh,-Mi,kro,Rendah,NIB,Otomatis,Menyampaikan,Penetapan,Provinsi
47789,2.7 Lampiran I.G PP Nomor 28 Tahun 2025 (I.G.1-341).pdf,205,158,Pe,rdagang- S,eluruh,-Mi,kro,Rendah,NIB,Otomatis,Menyampaikan,Penetapan,Provinsi
47791,2.7 Lampiran I.G PP Nomor 28 Tahun 2025 (I.G.1-341).pdf,206,159,Pe,rdagang- S,eluruh,-,Mikro,Rendah NIB,Otomatis,Menyampaikan,Penetapan,Provinsi,Gubernur
47792,2.7 Lampiran I.G PP Nomor 28 Tahun 2025 (I.G.1-341).pdf,206,160,Per,dagang- S,eluruh,-,Mikro,Rendah NIB,Otomatis,Menyampaikan,Penetapan,Provinsi,Gubernur
47793,2.7 Lampiran I.G PP Nomor 28 Tahun 2025 (I.G.1-341).pdf,207,61,Pe,rdagang- S,eluruh,-Mi,kro,Rendah,NIB,Otomatis,Menyampaikan,Penetapan,Provinsi
47794,2.7 Lampiran I.G PP Nomor 28 Tahun 2025 (I.G.1-341).pdf,207,62,Per,dagang- S,eluruh,-Mi,kro,Rendah,NIB,Otomatis,Menyampaikan,Penetapan,Provinsi
47795,2.7 Lampiran I.G PP Nomor 28 Tahun 2025 (I.G.1-341).pdf,208,163,Pe,rdagang-,Seluruh,-Mi,kro,Rendah,NIB,Otomatis,Menyampaikan,Penetapan,Provinsi
47796,2.7 Lampiran I.G PP Nomor 28 Tahun 2025 (I.G.1-341).pdf,208,t64,Per,dagang-,Seluruh,-Mi,kro,Rendah,NIB,Otomatis,Menyampaikan,Penetapan,Provinsi
47797,2.7 Lampiran I.G PP Nomor 28 Tahun 2025 (I.G.1-341).pdf,209,165,Pe,rdagang- S,eluruh,-,Mi,kro,Rendah,NIB,Otomatis,Menyampaikan P,enetapan
47816,2.7 Lampiran I.G PP Nomor 28 Tahun 2025 (I.G.1-341).pdf,214,70,Perdagang- S,eluruh,-,Mi,kro,Rendah,NIB,Otomatis,Menyampaikan P,enetapan,Provinsi
47819,2.7 Lampiran I.G PP Nomor 28 Tahun 2025 (I.G.1-341).pdf,215,t7t,Perdagang- S,eluruh,-,Mi,kro,Rendah,NIB,Otomatis,Menyampaikan P,enetapan,Provinsi
47822,2.7 Lampiran I.G PP Nomor 28 Tahun 2025 (I.G.1-341).pdf,216,773,dagang- S,eluruh - Mi,kro,Rendah,NIB,Otomatis Menyampaikan,-,Penetapan,,,
47823,2.7 Lampiran I.G PP Nomor 28 Tahun 2025 (I.G.1-341).pdf,217,174,Per,dagang- S,eluruh,-,Mi,kro,Rendah,NIB,Otomatis,Menyampaikan -,Penetapan
47963,2.7 Lampiran I.G PP Nomor 28 Tahun 2025 (I.G.1-341).pdf,217,No 1,,,,,,,,,,,
47824,2.7 Lampiran I.G PP Nomor 28 Tahun 2025 (I.G.1-341).pdf,218,175,Per,dagang- S,eluruh,-,Mi,kro R,endah,NIB,Otomatis,Menyampaikan,P
47826,2.7 Lampiran I.G PP Nomor 28 Tahun 2025 (I.G.1-341).pdf,219,76,Pe,rdagang-,P,erdagang-,-,Mikro R,endah NIB,Otomatis,Menyampaikan -,Penetapan,Provinsi
47827,2.7 Lampiran I.G PP Nomor 28 Tahun 2025 (I.G.1-341).pdf,220,t77,Pe,rdagang- S,eluruh,-Mi,kro,Rendah NIB,Otomatis,Menyampaikan P,enetapan,Provinsi,Gubernur
47829,2.7 Lampiran I.G PP Nomor 28 Tahun 2025 (I.G.1-341).pdf,220,178,Pe,rdagang S,eluruh,-Mi,kro,Rendah NIB,Otomatis,Menyampaikan -,Penetapan,Provinsi,Gubernur
47832,2.7 Lampiran I.G PP Nomor 28 Tahun 2025 (I.G.1-341).pdf,222,180,Perdagang- S,eluruh,-Mi,kro,Rendah,NIB,Otomatis,Menyampaikan,Penetapan,Provinsi,Gubernur
47833,2.7 Lampiran I.G PP Nomor 28 Tahun 2025 (I.G.1-341).pdf,222,181,Perdagang- S,eluruh,- Mi,kro,Rendah,NIB,Otomatis,Menyampaikan,Penetapan,Provinsi,Gubernur
47834,2.7 Lampiran I.G PP Nomor 28 Tahun 2025 (I.G.1-341).pdf,223,r82,Perdagang- S,eluruh,- Mi,kro,Rendah,NIB,Otomatis,Menyampaikan,Penetapan,Provinsi,Gubernur
47841,2.7 Lampiran I.G PP Nomor 28 Tahun 2025 (I.G.1-341).pdf,223,183,Perdagang- S,eluruh,-Mi,kro,Rendah,NIB,Otomatis,Menyampaikan,Penetapan,Provinsi,Gubernur
47845,2.7 Lampiran I.G PP Nomor 28 Tahun 2025 (I.G.1-341).pdf,224,84,Perdagang- S,eluruh,-Mi,kro,Rendah NIB,Otomatis,Menyampaikan,-,Penetapan,Provinsi,Gubernur
47846,2.7 Lampiran I.G PP Nomor 28 Tahun 2025 (I.G.1-341).pdf,225,85,Per,dagang- S,eluruh,-,Mi,kro,Rendah,NIB,Otomatis,Menyampaikan P,enetapan
47849,2.7 Lampiran I.G PP Nomor 28 Tahun 2025 (I.G.1-341).pdf,226,186,Perdagang- S,eluruh,-,Mi,kro,Rendah,NIB,Otomatis,Menyampaikan,Penetapan,Provinsi
47857,2.7 Lampiran I.G PP Nomor 28 Tahun 2025 (I.G.1-341).pdf,226,t87,Perdagang- S,eluruh,-,Mi,kro,Rendah,NIB,Otomatis,Menyampaikan,Penetapan,Provinsi
47852,2.7 Lampiran I.G PP Nomor 28 Tahun 2025 (I.G.1-341).pdf,227,188,Pe,rdagang- S,eluruh,-,Mikro,Rendah,NIB,Otomatis,Menyampaikan,Penetapan,Provinsi
47853,2.7 Lampiran I.G PP Nomor 28 Tahun 2025 (I.G.1-341).pdf,227,189,Per,dagang- S,eluruh,-,Mikro,Rendah,NIB,Otomatis,Menyampaikan,Penetapan,Provinsi
47854,2.7 Lampiran I.G PP Nomor 28 Tahun 2025 (I.G.1-341).pdf,228,190,Perdagang- S,eluruh,-Mi,kro,Rendah,NIB,Otomatis,Menyampaikan,Penetapan,Provinsi,Gubernur
47855,2.7 Lampiran I.G PP Nomor 28 Tahun 2025 (I.G.1-341).pdf,228,191,Perdagang- S,eluruh,-Mi,kro,Rendah,NIB,Otomatis,Menyampaikan,Penetapan,Provinsi,Gubernur
47859,2.7 Lampiran I.G PP Nomor 28 Tahun 2025 (I.G.1-341).pdf,229,192,Pe,rdagang- S,eluruh,-,Mi,kro,Rendah,NIB,Otomatis,Menyampaikan,Penetapan
47862,2.7 Lampiran I.G PP Nomor 28 Tahun 2025 (I.G.1-341).pdf,230,t94,Perdagang- S,eluruh,-,Mi,kro,Rendah,NIB,Otomatis,Menyampaikan,Penetapan,Provinsi
47863,2.7 Lampiran I.G PP Nomor 28 Tahun 2025 (I.G.1-341).pdf,230,195,Perdagang- S,eluruh,-,Mi,kro,Rendah,NIB,Otomatis,Menyampaikan,Penetapan,Provinsi
47864,2.7 Lampiran I.G PP Nomor 28 Tahun 2025 (I.G.1-341).pdf,231,t96,Perdagang- S,eluruh,-Mi,kro,Rendah NIB,Otomatis,Menyampaikan,Penetapan,Provinsi,Gubernur,
47865,2.7 Lampiran I.G PP Nomor 28 Tahun 2025 (I.G.1-341).pdf,231,t97,Perdagang- S,eluruh,-Mi,kro,Rendah NIB,Otomatis,Menyampaikan,Penetapan,Provinsi,Gubernur,
47866,2.7 Lampiran I.G PP Nomor 28 Tahun 2025 (I.G.1-341).pdf,232,198,Perdagang- S,eluruh,-Mi,kro,Rendah,NIB,Otomatis,Menyampaikan,Penetapan,Provinsi,Gubernur
47867,2.7 Lampiran I.G PP Nomor 28 Tahun 2025 (I.G.1-341).pdf,232,r99,Per- S,eluruh,-Mi,kro,Rendah,NIB,Otomatis,Menyampaikan,Penetapan,Provinsi,Gubernur
47869,2.7 Lampiran I.G PP Nomor 28 Tahun 2025 (I.G.1-341).pdf,233,200,Perdagang- S,eluruh,-Mi,kro,Rendah,NIB,Otomatis,Menyampaikan,Penetapan,Provinsi,Gubernur
47872,2.7 Lampiran I.G PP Nomor 28 Tahun 2025 (I.G.1-341).pdf,234,202,Perdagang- S,eluruh,-Mi,kro,Rendah,NIB,Otomatis,Menyampaikan,Penetapan,Provinsi,Gubernur
47873,2.7 Lampiran I.G PP Nomor 28 Tahun 2025 (I.G.1-341).pdf,234,203,Perdagang- S,eluruh,-Mi,kro,Rendah,NIB,Otomatis,Menyampaikan,Penetapan,Provinsi,Gubernur
47874,2.7 Lampiran I.G PP Nomor 28 Tahun 2025 (I.G.1-341).pdf,235,04,Perdagang- S,eluruh,- Mi,kro,Rendah,NIB,Otomatis,Menyampaikan,Penetapan,Provinsi,Gubernur
47875,2.7 Lampiran I.G PP Nomor 28 Tahun 2025 (I.G.1-341).pdf,235,205,Perdagang- S,eluruh,- Mi,kro,Rendah,NIB,Otomatis,Menyampaikan,Penetapan,Provinsi,Gubernur
47876,2.7 Lampiran I.G PP Nomor 28 Tahun 2025 (I.G.1-341).pdf,236,06,Perdagang- S,eluruh,-,Mikro,Rendah,NIB,Otomatis,Menyampaikan,Penetapan,Provinsi,Gubernur
47877,2.7 Lampiran I.G PP Nomor 28 Tahun 2025 (I.G.1-341).pdf,236,07,Perdagang- S,eluruh,-,Mikro,Rendah,NIB,Otomatis,Menyampaikan,Penetapan,Provinsi,Gubernur
47982,2.7 Lampiran I.G PP Nomor 28 Tahun 2025 (I.G.1-341).pdf,236,No 1,,,,,,,,,,,
47879,2.7 Lampiran I.G PP Nomor 28 Tahun 2025 (I.G.1-341).pdf,237,208,Perdagang- S,eluruh,-Mi,kro,Rendah,NIB,Otomatis,Menyampaikan,Penetapan,Provinsi,Gubernur
47882,2.7 Lampiran I.G PP Nomor 28 Tahun 2025 (I.G.1-341).pdf,238,2to,Perdagang- S,eluruh,-Mi,kro,Rendah,NIB,Otomatis,Menyampaikan,Penetapan,Provinsi,Gubernur
47883,2.7 Lampiran I.G PP Nomor 28 Tahun 2025 (I.G.1-341).pdf,239,2rL,Perdagang S,eluruh,-Mi,kro,Rendah,NIB,Otomatis,Menyampaikan,Penetapan,Provinsi,Gubernur
47891,2.7 Lampiran I.G PP Nomor 28 Tahun 2025 (I.G.1-341).pdf,239,2t2,Perdagang- S,eluruh,-Mi,kro,Rendah,NIB,Otomatis,Menyampaikan,Penetapan,Provinsi,Gubernur
47893,2.7 Lampiran I.G PP Nomor 28 Tahun 2025 (I.G.1-341).pdf,240,213,Perdagang- S,eluruh,-Mi,kro,Rendah,NIB,Otomatis,Menyampaikan,Penetapan,Provinsi,Gubernur
47894,2.7 Lampiran I.G PP Nomor 28 Tahun 2025 (I.G.1-341).pdf,240,2L4,Perdagang S,eluruh,-Mi,kro,Rendah,NIB,Otomatis,Menyampaikan,Penetapan,Provinsi,Gubernur
47895,2.7 Lampiran I.G PP Nomor 28 Tahun 2025 (I.G.1-341).pdf,241,2L5,Perdagang- S,eluruh,-,Mi,kro,Rendah,NIB,Otomatis,Menyampaikan,Penetapan,Provinsi
47896,2.7 Lampiran I.G PP Nomor 28 Tahun 2025 (I.G.1-341).pdf,241,2L6,Perdagang- S,eluruh,-,Mi,kro,Rendah,NIB,Otomatis,Menyampaikan,Penetapan,Provinsi
47897,2.7 Lampiran I.G PP Nomor 28 Tahun 2025 (I.G.1-341).pdf,242,217,Pe,rdagang- S,eluruh,-,Mi,kro,Rendah,NIB,Otomatis,Menyampaikan,Penetapan
47899,2.7 Lampiran I.G PP Nomor 28 Tahun 2025 (I.G.1-341).pdf,242,2t8,Per,dagang- S,eluruh,-,Mi,kro,Rendah,NIB,Otomatis,Menyampaikan,Penetapan
47919,2.7 Lampiran I.G PP Nomor 28 Tahun 2025 (I.G.1-341).pdf,248,23,Per,dagang- S,eluruh,-Mi,kro,Rendah NIB,Otomatis,Menyampaikan,-,Penetap-,Provinsi
47920,2.7 Lampiran I.G PP Nomor 28 Tahun 2025 (I.G.1-341).pdf,249,24,Per,dagang- S,eluruh,-Mi,kro,Rendah,NIB,Otomatis,Menyampaikan -,Penetapan,Provinsi
47992,2.7 Lampiran I.G PP Nomor 28 Tahun 2025 (I.G.1-341).pdf,251,226,Pe,rdagang- S,eluruh,-Mi,kro,Rendah,NIB,Otomatis,Menyampaikan -,Penetapan,Provinsi
47993,2.7 Lampiran I.G PP Nomor 28 Tahun 2025 (I.G.1-341).pdf,252,cc'7,Pe,rdagang- S,eluruh,-Mik,ro,Rendah,NIB,Otomatis,Menyampaikan P,enetapan,Provinsi
47994,2.7 Lampiran I.G PP Nomor 28 Tahun 2025 (I.G.1-341).pdf,253,228,Pe,rdagang- S,eluruh,-Mi,kro,Rendah,NIB,Otomatis,Menyampaikan,Penetapan,Provinsi
47995,2.7 Lampiran I.G PP Nomor 28 Tahun 2025 (I.G.1-341).pdf,253,229,Per,dagang- S,eluruh,-Mi,kro,Rendah,NIB,Otomatis,Menyampaikan,Penetapan,Provinsi
47997,2.7 Lampiran I.G PP Nomor 28 Tahun 2025 (I.G.1-341).pdf,254,30,Pe,rdagang- S,eluruh,-Mi,kro,Rendah NIB,Otomatis,Menyampaikan,Penetapan,Provinsi,Gubernur
48000,2.7 Lampiran I.G PP Nomor 28 Tahun 2025 (I.G.1-341).pdf,254,No 1,,,,,,,,,,,
47998,2.7 Lampiran I.G PP Nomor 28 Tahun 2025 (I.G.1-341).pdf,255,23r,Pe,rdagang-,S,eluruh,-,Mikro,Rendah,NIB,,Otomatis,Menyampaikan
47999,2.7 Lampiran I.G PP Nomor 28 Tahun 2025 (I.G.1-341).pdf,255,232,Pe,rdagang-,S,elain,-,Mikro,Rendah,NIB,,Otomatis,Menyampaikan
52101,2.7 Lampiran I.G PP Nomor 28 Tahun 2025 (I.G.1-341).pdf,269,33,Pergudang- S,eluruh,-Mi,kro,Rendah NIB,Otomatis,Ba,g,i Pemilik -,Sertifikat,Provinsi
63990,2.7 Lampiran I.G PP Nomor 28 Tahun 2025 (I.G.1-341).pdf,276,36,Aktivitas S,eluruh - M,ikro,Rendah,NIB,Otomatis Me,nyampaikan,,,,
73100,2.7 Lampiran I.G PP Nomor 28 Tahun 2025 (I.G.1-341).pdf,277,238,Pe,riklanan S,eluruh,-Mikro,Rendah,NIB,Otomatis,Menyampaikan,Provinsi,Gubernur,
73202,2.7 Lampiran I.G PP Nomor 28 Tahun 2025 (I.G.1-341).pdf,278,240,Jaj,ak S,eluruh,-Mi,kro,Rendah,NIB,Otomatis,Menyampaikan,Provinsi,Gubernur
74202,2.7 Lampiran I.G PP Nomor 28 Tahun 2025 (I.G.1-341).pdf,279,241,Ak,tivitas S,eluruh,-Mi,kro,Rendah,NIB,Otomatis,Menyampaikan,Provinsi,Gubernur
74902,2.7 Lampiran I.G PP Nomor 28 Tahun 2025 (I.G.1-341).pdf,279,242,Ak,tivitas S,eluruh,-Mi,kro,Rendah,NIB,Otomatis,Menyampaikan,Provinsi,Gubernur
77291,2.7 Lampiran I.G PP Nomor 28 Tahun 2025 (I.G.1-341).pdf,281,245,Aktivitas S,eluruh,-Mikro,Rendah,NIB,Otomatis,Menyampaikan,Provinsi,Gubernur,,
77292,2.7 Lampiran I.G PP Nomor 28 Tahun 2025 (I.G.1-341).pdf,281,246,Aktivitas S,eluruh,- Mikro,Rendah,NIB,Otomatis,Menyampaikan,Provinsi,Gubernur,,
77293,2.7 Lampiran I.G PP Nomor 28 Tahun 2025 (I.G.1-341).pdf,282,247,Aktivitas S,eluruh,-,Mikro,Rendah NIB,Otomatis,Menyampaikan,Provinsi,Gubernur,,
77294,2.7 Lampiran I.G PP Nomor 28 Tahun 2025 (I.G.1-341).pdf,282,248,Aktivitas S,eluruh,-,Mikro,Rendah NIB,Otomatis,Menyampaikan,Provinsi,Gubernur,,
77295,2.7 Lampiran I.G PP Nomor 28 Tahun 2025 (I.G.1-341).pdf,283,249,Ak,tivitas S,eluruh,-Mi,kro,Rendah,NIB,Otomatis,Menyampaikan,Provinsi,Gubernur
77299,2.7 Lampiran I.G PP Nomor 28 Tahun 2025 (I.G.1-341).pdf,283,250,Ak,tivitas S,eluruh,-Mi,kro,Rendah,NIB,Otomatis,Menyampaikan,Provinsi,Gubernur
77322,2.7 Lampiran I.G PP Nomor 28 Tahun 2025 (I.G.1-341).pdf,286,256,Aktivitas S,eluruh,-,Mikro,Rendah,NIB,Otomatis,Menyampaikan,Provinsi,Gubernur,
77323,2.7 Lampiran I.G PP Nomor 28 Tahun 2025 (I.G.1-341).pdf,287,257,Aktivitas S,eluruh,-Mi,kro,Rendah,NIB,Otomatis,Menyampaikan,Provinsi,Gubernur,
77329,2.7 Lampiran I.G PP Nomor 28 Tahun 2025 (I.G.1-341).pdf,287,258,Aktivitas S,eluruh,-Mi,kro,Rendah,NIB,Otomatis,Menyampaikan,Provinsi,Gubernur,
77392,2.7 Lampiran I.G PP Nomor 28 Tahun 2025 (I.G.1-341).pdf,288,259,Aktivitas S,eluruh,-Mi,kro,Rendah,NIB,Otomatis,Menyampaikan,Provinsi,Gubernur,
77393,2.7 Lampiran I.G PP Nomor 28 Tahun 2025 (I.G.1-341).pdf,288,260,Aktivitas S,eluruh,-Mi,kro,Rendah,NIB,Otomatis,Menyampaikan,Provinsi,Gubemur,
77394,2.7 Lampiran I.G PP Nomor 28 Tahun 2025 (I.G.1-341).pdf,289,261,Ak,tivitas S,eluruh,Mi,"kro,",Rendah NIB,Otomatis,Menyampaikan,Provinsi,Gubernur,
77395,2.7 Lampiran I.G PP Nomor 28 Tahun 2025 (I.G.1-341).pdf,289,262,Ak,tivitas S,eluruh,-Mi,kro,Rendah NIB,Otomatis,Menyampaikan,Provinsi,Gubernur,
77399,2.7 Lampiran I.G PP Nomor 28 Tahun 2025 (I.G.1-341).pdf,290,63,Aktivitas S,eluruh,-,Mikro,Rendah,NIB,Otomatis,Menyampaikan,Pemeriksa-,Provinsi,Gubernur
77400,2.7 Lampiran I.G PP Nomor 28 Tahun 2025 (I.G.1-341).pdf,291,264,Se,wa Guna S,eluruh,- Mikro,Rendah NIB,Otomatis,Menyampaikan,Provinsi,Gubernur,,
81100,2.7 Lampiran I.G PP Nomor 28 Tahun 2025 (I.G.1-341).pdf,291,265,Ak,tivitas S,eluruh,-Mikro,Rendah NIB,Otomatis,Menyampaikan,Provinsi,Gubernur,,
81210,2.7 Lampiran I.G PP Nomor 28 Tahun 2025 (I.G.1-341).pdf,292,266,Aktivitas S,eluruh,-Mikro,Rendah,NIB,Otomatis,Menyampaikan,Provinsi,Gubernur,,
81300,2.7 Lampiran I.G PP Nomor 28 Tahun 2025 (I.G.1-341).pdf,292,267,Aktivitas S,eluruh,- Mikro,Rendah,NIB,Otomatis,Menyampaikan,Provinsi,Gubernur,,
82110,2.7 Lampiran I.G PP Nomor 28 Tahun 2025 (I.G.1-341).pdf,293,268,Ak,tivitas S,eluruh,-,Mikro,Rendah,NIB,Otomatis,Menyampaikan,Provinsi,Gubernur
95291,2.7 Lampiran I.G PP Nomor 28 Tahun 2025 (I.G.1-341).pdf,294,270,Aktivitas,S,eluruh,-Mi,kro,Rendah,NIB,Otomatis,Menyampaikan,Provinsi,Gubernur
96111,2.7 Lampiran I.G PP Nomor 28 Tahun 2025 (I.G.1-341).pdf,294,27t,Aktivitas,S,eluruh,-Mi,kro,Rendah,NIB,Otomatis,Menyampaikan,Provinsi,Gubernur
96200,2.7 Lampiran I.G PP Nomor 28 Tahun 2025 (I.G.1-341).pdf,295,273,Aktivitas,S,eluruh,-,Mikro,Rendah,NIB,,Otomatis,Menyampaikan,
96990,2.7 Lampiran I.G PP Nomor 28 Tahun 2025 (I.G.1-341).pdf,295,274,Aktivitas,S,eluruh,-,Mikro,Rendah,NIB,,Otomatis,Menyampaikan,
46653,2.7 Lampiran I.G PP Nomor 28 Tahun 2025 (I.G.1-341).pdf,295,275,Perdagang-,S,eluruh,-,Mikro,Tinggi,NIB,dan Bentuk usaha,5 Hari,1. Menyampai-,Penetapan
46633,2.7 Lampiran I.G PP Nomor 28 Tahun 2025 (I.G.1-341).pdf,301,277,Perdagang- S,eluruh,-,Mikro,Rendah,NIB,Otomatis,Menyampai- -,Surat,Provinsi,Gubernur
46634,2.7 Lampiran I.G PP Nomor 28 Tahun 2025 (I.G.1-341).pdf,302,78,Perdagang-,Usaha,-,Mikro,Rendah,NIB,1. Otomatis,Menyampai- -,Surat,Provinsi,Gubernur
46636,2.7 Lampiran I.G PP Nomor 28 Tahun 2025 (I.G.1-341).pdf,303,279,Perdagang-,S,eluruh,-,Mikro,Rendah NIB,1. Otomatis,Menyampai- -,Surat,Provinsi,Gubernur
46638,2.7 Lampiran I.G PP Nomor 28 Tahun 2025 (I.G.1-341).pdf,304,280,Pe,rdagang- S,eluruh,-,Mikro,Rendah NIB,Otomatis I,Menyampai- -,Surat,Provinsi,Gubemur
46639,2.7 Lampiran I.G PP Nomor 28 Tahun 2025 (I.G.1-341).pdf,305,at,Pe,rdagang- S,eluruh,-,Mikro,Rendah,NIB,Otomatis 1.,Menyampai- -,Surat,Provinsi
46652,2.7 Lampiran I.G PP Nomor 28 Tahun 2025 (I.G.1-341).pdf,307,282,Perdagang- S,eluruh,-,Mikro,Rendah,NIB,Otomatis 1.,M,enyampai- -,Surat,Provinsi
46209,2.7 Lampiran I.G PP Nomor 28 Tahun 2025 (I.G.1-341).pdf,311,284,Perdagang- S,eluruh,-,Mi,kro,Rendah,NIB,Otomatis 1.,Distributor,-,Surat
46315,2.7 Lampiran I.G PP Nomor 28 Tahun 2025 (I.G.1-341).pdf,316,286,Perdagang- S,eluruh,-,Mikro,Rendah,NIB,1. Otomatis,Distributor,-,Surat,Provinsi
46322,2.7 Lampiran I.G PP Nomor 28 Tahun 2025 (I.G.1-341).pdf,326,249,rdagang- S,eluruh - Mi,kro,Rendah NIB,Otomatis 1. Distributor,-,Surat,,,,
46325,2.7 Lampiran I.G PP Nomor 28 Tahun 2025 (I.G.1-341).pdf,329,90,Perdagang- S,eluruh,-,Mikro,Rendah NIB,Otomatis 1.,Distributor,-,Surat,Provinsi,Gubernur
46331,2.7 Lampiran I.G PP Nomor 28 Tahun 2025 (I.G.1-341).pdf,332,9t,Perdagang- S,eluruh,-,Mi,kro,Rendah NIB,Otomatis 1.,Distributor,-,Surat,Provinsi
46339,2.7 Lampiran I.G PP Nomor 28 Tahun 2025 (I.G.1-341).pdf,335,292,Perdagang- S,eluruh,-,Mi,kro,Rendah,NIB,Otomatis 1.,Distributor,-,Surat
36001,2.8 Lampiran I.H PP Nomor 28 Tahun 2025 (I.H.1-515).pdf,1,,P,enam-,Pengambilan,Mikro,Mene-,NIB dan,l.,,Surat Perjanji,an,30 Hari
36002,2.8 Lampiran I.H PP Nomor 28 Tahun 2025 (I.H.1-515).pdf,7,,Penam-,- Penampu-,Mikro,Mene-,NIB dan,,Otomatis 1.,Menyampaikan,,,
41011,2.8 Lampiran I.H PP Nomor 28 Tahun 2025 (I.H.1-515).pdf,8,,Konstruk-,Kode Sub-,-,Mikro,Mene-,NIB dan,1.,Standar Penetapan,15 Hari,1.,Menyampaikan
41013,2.8 Lampiran I.H PP Nomor 28 Tahun 2025 (I.H.1-515).pdf,23,5,Konstruk-,Kode Sub-,-,Mikro,Mene-,NIB dan 1.,St,a,ndar Penetapan,15 Hari 1.,Men
41018,2.8 Lampiran I.H PP Nomor 28 Tahun 2025 (I.H.1-515).pdf,58,,Konstruk-,Kode Sub-,-,Mikro,Mene-,NIB dan 1.,Standar Penetapan,15 Hari,1.,Meny,ampaikan
42202,2.8 Lampiran I.H PP Nomor 28 Tahun 2025 (I.H.1-515).pdf,98,,Konstruk-,Kode Sub-,Mikro,Mene-,NIB dan 1. St,andar Penetapan,15 Hari 1.,Men,yampaikan,BUJKN,
42203,2.8 Lampiran I.H PP Nomor 28 Tahun 2025 (I.H.1-515).pdf,105,l9,Konstruk-,Kode Sub-,Mikro,Mene-,NIB dan l. St,andar Penetapan,15 Hari,l.,Men,yampaikan,BUJKN
42204,2.8 Lampiran I.H PP Nomor 28 Tahun 2025 (I.H.1-515).pdf,109,,Konstruk-,Kode Sub-,Mikro,Mene-,NIB dan,1.,Sta,ndar Penetapan,15 Hari,1.,Men
42205,2.8 Lampiran I.H PP Nomor 28 Tahun 2025 (I.H.1-515).pdf,117,21,Konstruk-,Kode Sub-,-,Mikro,Mene-,NIB dan 1.,Standar Penetapan,15 Hari,1.,Men,- yampaikan
42206,2.8 Lampiran I.H PP Nomor 28 Tahun 2025 (I.H.1-515).pdf,123,,Konstruk-,Kode Sub-,-,Mikro,Mene-,NIB dan 1.,Standar Penetapan,15 Hari,1.,Menyampaikan,lzin
42207,2.8 Lampiran I.H PP Nomor 28 Tahun 2025 (I.H.1-515).pdf,128,,Pembuat-,Kode Sub-,Mikro,Mene-,NIB dan 1. St,andar Penetapan,15 Hari,l.,Men,yampaikan,BUJKN
42209,2.8 Lampiran I.H PP Nomor 28 Tahun 2025 (I.H.1-515).pdf,132,,Konstruk-,Kode Sub- Mikro,Mene-,NIB dan 1. St,andar Penetapan,15 Hari,1.,Men,- yampaikan,lzin,BUJKN
42913,2.8 Lampiran I.H PP Nomor 28 Tahun 2025 (I.H.1-515).pdf,154,27,Konstruk-,Kode Sub-,-,Mikro,Mene-,NIB dan,1.,Standar Penetapan,15 Hari,1.,Me
85014,2.8 Lampiran I.H PP Nomor 28 Tahun 2025 (I.H.1-515).pdf,169,,,,,,Sub,klasihkasi:,,3.,Mela,ksanakan,
42917,2.8 Lampiran I.H PP Nomor 28 Tahun 2025 (I.H.1-515).pdf,176,,Konstruk-,Kode Sub-,-,Mikro,Mene-,NIB dan,1.,Stan,dar Penetapan,15 Hari,1.
85021,2.8 Lampiran I.H PP Nomor 28 Tahun 2025 (I.H.1-515).pdf,193,,,,,,,,berl,aku,Perlengka-,,
42921,2.8 Lampiran I.H PP Nomor 28 Tahun 2025 (I.H.1-515).pdf,194,,Konstruk-,Kode Sub-,-,Mikro,Mene-,NIB dan,1.,Standar Penetapan,15 Hari,1.,Menyampaikan
42922,2.8 Lampiran I.H PP Nomor 28 Tahun 2025 (I.H.1-515).pdf,201,35,Jasa,Kode Sub-,Mikro,Mene-,NIB dan 1. St,andar Penetapan,15 Hari,1.,Men,yampaikan,BUJKN
47623,2.8 Lampiran I.H PP Nomor 28 Tahun 2025 (I.H.1-515).pdf,204,,,,,,,,,,,,
42923,2.8 Lampiran I.H PP Nomor 28 Tahun 2025 (I.H.1-515).pdf,205,,Konstruk-,Kode Sub-,-,Mikro,Mene-,NIB dan,1.,Stan,dar Penetapan,15 Hari,1.
42924,2.8 Lampiran I.H PP Nomor 28 Tahun 2025 (I.H.1-515).pdf,212,,Konstruk-,Kode Sub-,-,Mikro,Mene-,NIB dan 1.,Standar Penetapan,15 Hari,1.,Men,yampaikan
42930,2.8 Lampiran I.H PP Nomor 28 Tahun 2025 (I.H.1-515).pdf,220,38,Jasa,Kode Sub-,-,Mikro,Mene-,NIB dan,1.,Standar Penetapan,15 Hari,1.,Menyampaikan
43110,2.8 Lampiran I.H PP Nomor 28 Tahun 2025 (I.H.1-515).pdf,224,,Kode Sub-,-,Mikro,Mene-,NIB dan,1.,Standar Penetapan,15 Hari,l.,Menyampaikan,BUJKN
43120,2.8 Lampiran I.H PP Nomor 28 Tahun 2025 (I.H.1-515).pdf,228,40,Kode Sub-,-,Mikro,Mene-,NIB dan l.,Standar Penetapan,15 Hari,1.,- Menyampaikan,lzin,BUJKN
43213,2.8 Lampiran I.H PP Nomor 28 Tahun 2025 (I.H.1-515).pdf,256,42,Instalasi,Kode Sub-,-,Mikro,Mene-,NIB dan 1.,Standar Penetapan,15 Hari,1.,Menyampaikan,-
43215,2.8 Lampiran I.H PP Nomor 28 Tahun 2025 (I.H.1-515).pdf,269,44,Instalasi,Kode Sub-,Mikro,Mene-,NIB dan 1.,Sta,ndar Penetapan,15 Hari,1.,Men,yampaikan
43216,2.8 Lampiran I.H PP Nomor 28 Tahun 2025 (I.H.1-515).pdf,273,,Instalasi,Kode Sub-,-,Mikro,Mene-,NIB dan,1.,Standar Penetapan,15 Hari,1.,Men
43222,2.8 Lampiran I.H PP Nomor 28 Tahun 2025 (I.H.1-515).pdf,281,47,Instalasi,Kode Sub-,Mikro,Mene-,NIB dan 1.,Standar Penetapan,15 Hari,1.,Menyampaikan,BUJKN,Bupati/
43223,2.8 Lampiran I.H PP Nomor 28 Tahun 2025 (I.H.1-515).pdf,285,,Instalasi,Kode Sub-,Mikro,Mene-,NIB dan,Standar Penetapan,15 Hari,1.,Me,nyampaikan,BUJKN
43224,2.8 Lampiran I.H PP Nomor 28 Tahun 2025 (I.H.1-515).pdf,289,49,Instalasi,Kode Sub-,- Mikro,Mene-,NIB dan St,andar Penetapan,15 Hari,1.,Men,yampaikan,BUJKN
43292,2.8 Lampiran I.H PP Nomor 28 Tahun 2025 (I.H.1-515).pdf,297,,Instalasi,Kode Sub-,Mikro,Mene-,NIB dan 1. St,andar Penetapan,15 Hari l.,Men,yampaikan,BUJKN,
43299,2.8 Lampiran I.H PP Nomor 28 Tahun 2025 (I.H.1-515).pdf,301,52,Instalasi,Kode Sub-,Mikro,Mene-,NIB dan 1.,Stan,dar Penetapan,15 Hari,1.,Men,yampaikan
43301,2.8 Lampiran I.H PP Nomor 28 Tahun 2025 (I.H.1-515).pdf,308,,Pengeq'a-,Kode Sub-,Mikro,Mene-,NIB dan 1.,Stan,dar Penetapan,15 Hari,1.,Men,yampaikan
43302,2.8 Lampiran I.H PP Nomor 28 Tahun 2025 (I.H.1-515).pdf,312,,Pengerja-,Kode Sub-,Mikro,Mene-,NIB dan,Stan,dar Penetapan,15 Hari,1.,Men,yampaikan
43303,2.8 Lampiran I.H PP Nomor 28 Tahun 2025 (I.H.1-515).pdf,321,,Kode Sub-,- Mikro,Mene-,NIB dan 1.,Standar Penetapan,l5 Hari,1.,Menyampaikan,BUJKN,Bupati/,
43304,2.8 Lampiran I.H PP Nomor 28 Tahun 2025 (I.H.1-515).pdf,325,56,Kode Sub-,- Mikro,Mene-,NIB dan 1.,Standar Penetapan,15 Hari,1.,Menyampaikan,BUJKN,Bupati/,
43305,2.8 Lampiran I.H PP Nomor 28 Tahun 2025 (I.H.1-515).pdf,334,,Kode Sub-,Mikro,Mene-,NIB dan,1.,Standar Penetapan,15 Hari,1.,Menyampaikan,BUJKN,Bupati/
43309,2.8 Lampiran I.H PP Nomor 28 Tahun 2025 (I.H.1-515).pdf,338,,Pe-,Kode Sub-,-,Mikro,Mene-,NIB dan,1.,Standar Penetapan,15 Hari,1.,Menyampaikan
43902,2.8 Lampiran I.H PP Nomor 28 Tahun 2025 (I.H.1-515).pdf,346,,Pemasa-,Kode Sub-,- Mikro,Mene-,NIB dan 1.,Standar Penetapan,15 Hari,1.,Men,yampaikan,BUJKN
43903,2.8 Lampiran I.H PP Nomor 28 Tahun 2025 (I.H.1-515).pdf,351,,Pemasa-,Kode Sub-,-,Mikro,Mene-,NIB dan,1.,Standar Penetapan,15 Hari,1.,Menyampaikan
43904,2.8 Lampiran I.H PP Nomor 28 Tahun 2025 (I.H.1-515).pdf,355,,Pemasa-,Kode Sub-,- Mikro,Mene-,NIB dan,1.,Standar Penetapan,15 Hari,1.,Menyampaikan,BUJKN
43905,2.8 Lampiran I.H PP Nomor 28 Tahun 2025 (I.H.1-515).pdf,360,,Penyewa-,Kode Sub-,-,Mikro,Mene-,NIB dan,1.,Standar Penetapan,15 Hari,1.,Men
43909,2.8 Lampiran I.H PP Nomor 28 Tahun 2025 (I.H.1-515).pdf,363,64,Konstruk-,Kode Sub-,Mikro,Mene-,NIB dan 1.,Sta,ndar Penetapan,15 Hari 1.,Men,yampaikan,BUJKN
47327,2.8 Lampiran I.H PP Nomor 28 Tahun 2025 (I.H.1-515).pdf,374,,,,,,,,,,,,
14734,2.8 Lampiran I.H PP Nomor 28 Tahun 2025 (I.H.1-515).pdf,391,,,,,,,,,,,,
68111,2.8 Lampiran I.H PP Nomor 28 Tahun 2025 (I.H.1-515).pdf,399,,Real,Pengemba-,-,Mikro,Mene-,NIB dan,,Otomatis A.,Pengembangan,Dalam satu,Bupati/
14741,2.8 Lampiran I.H PP Nomor 28 Tahun 2025 (I.H.1-515).pdf,459,No,,,,,,,,,,,
14745,2.8 Lampiran I.H PP Nomor 28 Tahun 2025 (I.H.1-515).pdf,492,,,,,,,,,,,,
14747,2.8 Lampiran I.H PP Nomor 28 Tahun 2025 (I.H.1-515).pdf,494,,,,,,,,,,,,
49110,2.9 Lampiran I.I PP Nomor 28 Tahun 2025 (I.I.1-411).pdf,1,,A,ngkut-,Sa,rana Per-,M,ene-,Tinggi NIB,dan 1. Me,miliki L4,,Melaporkan
46010,2.9 Lampiran I.I PP Nomor 28 Tahun 2025 (I.I.1-411).pdf,9,No 14,,,,,,,,,,,
49441,2.9 Lampiran I.I PP Nomor 28 Tahun 2025 (I.I.1-411).pdf,12,3,A,ngkut- Se,luruh,Mene-,Tinggi NIB dan,Me,miliki Rencana,14 Hari 1.,Melaporkan,lzin Seluruh,Menteri/
49442,2.9 Lampiran I.I PP Nomor 28 Tahun 2025 (I.I.1-411).pdf,15,,A,ngkut-,Pe,nyeleng-,Mene-,Tinggi NIB dan,1.,Kajian,14 Hari,1.,Melaksanakan
49450,2.9 Lampiran I.I PP Nomor 28 Tahun 2025 (I.I.1-411).pdf,21,5,Angkut-,Pe,nyeleng-,Mene-,Tinggi NIB dan,l.,Perizinan,14 Hari,1.,Melakukan,lzin
49211,2.9 Lampiran I.I PP Nomor 28 Tahun 2025 (I.I.1-411).pdf,26,,A,ngkut- Se,luruh,-,Mikro,Menengah,NIB dan 1.,Memiliki,5 Hari,1.,Mematuhi
49411,2.9 Lampiran I.I PP Nomor 28 Tahun 2025 (I.I.1-411).pdf,56,t2,A,ngku- Se,luruh,-,Mikro,Menengah,i. NIB dan,Memiliki,5 Hari,1.,Mematuhi
44648,2.9 Lampiran I.I PP Nomor 28 Tahun 2025 (I.I.1-411).pdf,56,No 1,,,,,,,,,,,
49413,2.9 Lampiran I.I PP Nomor 28 Tahun 2025 (I.I.1-411).pdf,65,t4,A,ngku- Se,luruh,-,Mikro,Menengah,NIB dan 1.,Memiliki,5 Hari,1.,Mematuhi
49229,2.9 Lampiran I.I PP Nomor 28 Tahun 2025 (I.I.1-411).pdf,83,19,A,ngkut- Seluruh,-,Mikro,Menengah,NIB dan,Memiliki,5 Hari,1.,Mematuhi,Lingkup
49422,2.9 Lampiran I.I PP Nomor 28 Tahun 2025 (I.I.1-411).pdf,87,2l,ngkut- Se,luruh -,Mikro,Menengah,NIB dan,1.,Memiliki,5 Hari,Mematuhi Lingkup,Menteri/,
49429,2.9 Lampiran I.I PP Nomor 28 Tahun 2025 (I.I.1-411).pdf,90,22,A,ngkut-,An,gkutan,-,Mikro,Menengah N,IB dan 1.,Memiliki,5 Hari,1.
49426,2.9 Lampiran I.I PP Nomor 28 Tahun 2025 (I.I.1-411).pdf,92,23,Angkut- Se,luruh,-,Mikro,Menengah,NIB dan,1.,Memiliki,5 Hari 1.,Mematuhi,Wilayah
49432,2.9 Lampiran I.I PP Nomor 28 Tahun 2025 (I.I.1-411).pdf,96,25,Angkut- Se,luruh,-,Mikro,Tinggi NIB dan,1.,Menggunakan,5 Hari 1.,Menjamin,Serti-,Lingkup
52215,2.9 Lampiran I.I PP Nomor 28 Tahun 2025 (I.I.1-411).pdf,103,28,Aktivitas Se,luruh,-Mikro,Menengah,NIB dan 1.,Memiliki atau,7 Hari,1.,Melakukan,,Lingkup
52214,2.9 Lampiran I.I PP Nomor 28 Tahun 2025 (I.I.1-411).pdf,106,29,A,ktivitas Se,luruh,-,Mikro,Menengah,NIB dan Me,miliki bukti 7 Hai 1.,Melakukan,Lingkup,Bupati/Wali
52222,2.9 Lampiran I.I PP Nomor 28 Tahun 2025 (I.I.1-411).pdf,109,30,A,ktivitas Se,luruh,-,Mikro,Menengah N,IB dan,Pro,posal rencana,4 Hari,1.
52223,2.9 Lampiran I.I PP Nomor 28 Tahun 2025 (I.I.1-411).pdf,112,31,Aktivitas Se,luruh,-,Mikro,Menengah,NIB dan,Proposal rencana,4 Hai 1.,Menyediakan,Deko-,Lingkup
50211,2.9 Lampiran I.I PP Nomor 28 Tahun 2025 (I.I.1-411).pdf,115,32,A,ngkut- Se,luruh,-,Mikro,Menengah N,IB Dan 1.,Memiliki,7 Hari 1.,Menjamin,
44707,2.9 Lampiran I.I PP Nomor 28 Tahun 2025 (I.I.1-411).pdf,115,No 1,,,,,,,,,,,
50215,2.9 Lampiran I.I PP Nomor 28 Tahun 2025 (I.I.1-411).pdf,122,36,Angkut- Se,luruh B,esar,Menengah,NIB Dan 1.,Persetujuan,7 Hai,Menjamin,,Lingkup,Menteri/
50219,2.9 Lampiran I.I PP Nomor 28 Tahun 2025 (I.I.1-411).pdf,131,40,Angkut- Se,luruh B,esar,Menengah,NIB Dan 1.,Persetujuan,7 Hai 1.,,Menjamin,Lingkup,Menteri/
50224,2.9 Lampiran I.I PP Nomor 28 Tahun 2025 (I.I.1-411).pdf,133,4l,Angkut- Se,luruh B,esar,Menengah,NIB Dan 1.,Persetujuan,7 Hai 1.,Menjamin,Lingkup,Menteri/,
50225,2.9 Lampiran I.I PP Nomor 28 Tahun 2025 (I.I.1-411).pdf,135,42,Angkut- Se,luruh B,esar,Menengah,NIB dan 1.,Persetujuan,7 Hai 1.,Menjamin,Lingkup,Menteri/,
50226,2.9 Lampiran I.I PP Nomor 28 Tahun 2025 (I.I.1-411).pdf,137,43,Angkut- Se,luruh B,esar,Menengah,NIB Dan 1.,Persetujuan,7 Hari,Menjamin,Lingkup,,
50227,2.9 Lampiran I.I PP Nomor 28 Tahun 2025 (I.I.1-411).pdf,140,44,Angkut- Se,luruh B,esar,Menengah,NIB Dan,1.,Persetujuan,7 Hari 1.,Menjamin,Lingkup,
50228,2.9 Lampiran I.I PP Nomor 28 Tahun 2025 (I.I.1-411).pdf,142,45,Angkut- Se,luruh B,esar,Menengah,NIB Dan,1.,Persetujuan,7 Hari 1.,Menjamin,,Lingkup
50229,2.9 Lampiran I.I PP Nomor 28 Tahun 2025 (I.I.1-411).pdf,144,46,Angkutan Se,luruh B,esar,Menengah,NIB Dan 1.,Persetujuan,7 Hari 1.,Menjamin -,Serti-,Lingkup,Menteri/
50221,2.9 Lampiran I.I PP Nomor 28 Tahun 2025 (I.I.1-411).pdf,146,47,A,ngkut- Seluruh,-,Mikro,Menengah,NIB Dan 1.,Persetujuan,7 Hai 1.,Menjamin,Serti-,Lingkup
50222,2.9 Lampiran I.I PP Nomor 28 Tahun 2025 (I.I.1-411).pdf,148,48,A,ngkut- Se,luruh,-,Mikro,Menengah,NIB Dan 1.,Memiliki,7 Hai l.,Menjamin,
50223,2.9 Lampiran I.I PP Nomor 28 Tahun 2025 (I.I.1-411).pdf,150,49,A,ngkut- Se,luruh,-,Mikro,Menengah,NIB Dan 1.,Memiliki,7 Han,1.,Menjamin
52295,2.9 Lampiran I.I PP Nomor 28 Tahun 2025 (I.I.1-411).pdf,152,50,Angkutan Se,luruh,M,ene-,Menengah,N,IB Dan 1.,Memiliki,7 Hari,1.,Melakukan
49423,2.9 Lampiran I.I PP Nomor 28 Tahun 2025 (I.I.1-411).pdf,154,51,Angkutan,Seluruh,-,Mikro,Rendah,NIB dan,,Otomatis Me,nyampaikan,,Lingkup
51101,2.9 Lampiran I.I PP Nomor 28 Tahun 2025 (I.I.1-411).pdf,154,52,Angkut-,Seluruh,-,Mikro,Menengah,NIB dan,Dokumen,7 Hai,Melakukan,Serti-,Lingkup
51103,2.9 Lampiran I.I PP Nomor 28 Tahun 2025 (I.I.1-411).pdf,160,53,A,ngkut- Se,luruh,,,,,,,,Serti-
14753,2.9 Lampiran I.I PP Nomor 28 Tahun 2025 (I.I.1-411).pdf,161,,,,,,,,,,,,
51102,2.9 Lampiran I.I PP Nomor 28 Tahun 2025 (I.I.1-411).pdf,166,54,A,ngkut- Se,luruh,-Mikro,Menengah,NIB dan Do,kumen,7 Han,Melakukan,,Lingkup
51104,2.9 Lampiran I.I PP Nomor 28 Tahun 2025 (I.I.1-411).pdf,171,55,,Se,luruh,,,,,,,,Serti-
51108,2.9 Lampiran I.I PP Nomor 28 Tahun 2025 (I.I.1-411).pdf,182,57,Angkutan Se,luruh,-,Mikro,Menengah,NIB dan Un,tuk badan 3 Hari,Meng- -,Serti-,,
14777,2.9 Lampiran I.I PP Nomor 28 Tahun 2025 (I.I.1-411).pdf,185,,,,,,,,,,,,
51201,2.9 Lampiran I.I PP Nomor 28 Tahun 2025 (I.I.1-411).pdf,186,58,A,ngkut- Se,luruh -,Mikro,Menengah,NIB dan,Dokum,en 7 Han,Melakukan,Serti-,Lingkup
51203,2.9 Lampiran I.I PP Nomor 28 Tahun 2025 (I.I.1-411).pdf,192,59,A,ngkut- Se,luruh,-,Mikro,Menengah,NIB dan Do,kumen,7 Hari 1.,Melakukan,
51202,2.9 Lampiran I.I PP Nomor 28 Tahun 2025 (I.I.1-411).pdf,197,60,A,ngkut- Se,luruh,-,Mikro,Menengah N,IB dan,Do,kum,en 7 Hari,Melakukan
51204,2.9 Lampiran I.I PP Nomor 28 Tahun 2025 (I.I.1-411).pdf,202,61,A,ngkut- Se,luruh,-,Mikro,Menengah N,IB dan,Do,kum,en 7 Hari 1.,Melakukan
44799,2.9 Lampiran I.I PP Nomor 28 Tahun 2025 (I.I.1-411).pdf,207,No 1,,,,,,,,,,,
52296,2.9 Lampiran I.I PP Nomor 28 Tahun 2025 (I.I.1-411).pdf,211,63,Ja,sa,Pe,masaran,-,Mikro,Menengah N,IB dan,Otomatis 1.,Melaporkan,
44818,2.9 Lampiran I.I PP Nomor 28 Tahun 2025 (I.I.1-411).pdf,226,No 1,,,,,,,,,,,
85496,2.9 Lampiran I.I PP Nomor 28 Tahun 2025 (I.I.1-411).pdf,227,64,Pe,n-,Ke,lompok ini,-M,ikro,Menengah N,IB dan 1.,Memiliki,7 Hari,1.
44819,2.9 Lampiran I.I PP Nomor 28 Tahun 2025 (I.I.1-411).pdf,227,No 1,,,,,,,,,,,
85499,2.9 Lampiran I.I PP Nomor 28 Tahun 2025 (I.I.1-411).pdf,232,65,en-,Kh,usus -,Mikro,Tinggi N,IB dan,Kurikulum,7 Hai,Melaporkan,Perpan-,Lingkup
20231,2.9 Lampiran I.I PP Nomor 28 Tahun 2025 (I.I.1-411).pdf,232,No 1,,,,,,,,,,,
20227,2.9 Lampiran I.I PP Nomor 28 Tahun 2025 (I.I.1-411).pdf,236,No 1,,,,,,,,,,,
20226,2.9 Lampiran I.I PP Nomor 28 Tahun 2025 (I.I.1-411).pdf,237,No 1,,,,,,,,,,,
20215,2.9 Lampiran I.I PP Nomor 28 Tahun 2025 (I.I.1-411).pdf,248,No 1,,,,,,,,,,,
52240,2.9 Lampiran I.I PP Nomor 28 Tahun 2025 (I.I.1-411).pdf,260,67,Pe,na- Se,luruh,-M,ikro,Menengah N,IB dan 1.,Memiliki bukti,3 Hari 1.,Melakukan -,Serti-
52291,2.9 Lampiran I.I PP Nomor 28 Tahun 2025 (I.I.1-411).pdf,267,68,Ja,sa Se,luruh,-M,ikro,Menengah,NIB dan 1.,Memiliki bukti,3 Hari 1.,Melakukan,Serti-
44862,2.9 Lampiran I.I PP Nomor 28 Tahun 2025 (I.I.1-411).pdf,270,No 1,,,,,,,,,,,
50112,2.9 Lampiran I.I PP Nomor 28 Tahun 2025 (I.I.1-411).pdf,274,69,A,ngkutan Se,luruh,Mikro,Menengah N,IB dan,,,,,
44871,2.9 Lampiran I.I PP Nomor 28 Tahun 2025 (I.I.1-411).pdf,279,No 1,,,,,,,,,,,
50132,2.9 Lampiran I.I PP Nomor 28 Tahun 2025 (I.I.1-411).pdf,280,70,A,ngkutan Se,luruh,Mikro,Menengah,NIB dan,,,,,
52229,2.9 Lampiran I.I PP Nomor 28 Tahun 2025 (I.I.1-411).pdf,287,7L,Aktivitas,Pe,rantara,Mikro,Menengah,N,IB dan,Memiliki bukti,5 Hari,Melakukan Nasional,
20199,2.9 Lampiran I.I PP Nomor 28 Tahun 2025 (I.I.1-411).pdf,298,No 1,,,,,,,,,,,
52298,2.9 Lampiran I.I PP Nomor 28 Tahun 2025 (I.I.1-411).pdf,300,72,A,ktivitas Seluruh -,Mikro,Menengah,NIB dan,,,,,,
52297,2.9 Lampiran I.I PP Nomor 28 Tahun 2025 (I.I.1-411).pdf,317,74,Ja,sa Se,luruh,Mikro,Menengah N,IB dan Mem,iliki bukti,5 Hari,Melakukan,Nasional dan,Menteri/
70202,2.9 Lampiran I.I PP Nomor 28 Tahun 2025 (I.I.1-411).pdf,323,75,Ak,tivitas Se,luruh,-,Mikro,Menengah,NIB dan,Memiliki,7,Melakukan,Serti-
52225,2.9 Lampiran I.I PP Nomor 28 Tahun 2025 (I.I.1-411).pdf,326,76,,Se,luruh,-,Mikro,Menengah N,IB dan,,5,,Nasional
50111,2.9 Lampiran I.I PP Nomor 28 Tahun 2025 (I.I.1-411).pdf,330,77,Angkutan Se,luruh,Mikro,Menengah,NIB dan,,,,,,
50114,2.9 Lampiran I.I PP Nomor 28 Tahun 2025 (I.I.1-411).pdf,338,78,Angkutan Se,luruh,-M,ikro,Menengah,NIB dan 1.,Menempati,3 Hari,I.,Melak-,Lintas
50121,2.9 Lampiran I.I PP Nomor 28 Tahun 2025 (I.I.1-411).pdf,345,79,An,gkutan Se,luruh,-,Mikro,Menengah N,IB dan,Menempati,3 Hari 1.,Melak-,Lintas
50131,2.9 Lampiran I.I PP Nomor 28 Tahun 2025 (I.I.1-411).pdf,352,80,A,ngkutan Se,luruh -M,ikro,Menengah,NIB dan,Menempati,3 Hari I,- Melakukan,Serti-,Lintas
50134,2.9 Lampiran I.I PP Nomor 28 Tahun 2025 (I.I.1-411).pdf,360,81,A,ngkutan Se,luruh,-M,ikro,Menengah,NIB dan 1.,Menempati,3 Hari 1.,Melak-,Lintas
50135,2.9 Lampiran I.I PP Nomor 28 Tahun 2025 (I.I.1-411).pdf,367,82,An,gkutan Se,luruh,-M,ikro,Menengah N,IB dan 1.,Memiliki,3 Hari 1.,Melakukan,Lintas
50141,2.9 Lampiran I.I PP Nomor 28 Tahun 2025 (I.I.1-411).pdf,374,83,A,ngkutan Se,luruh,-M,ene-,Menengah,NIB dan 1.,Menempati,I. 3 Hari,- Melak-,Serti-
50143,2.9 Lampiran I.I PP Nomor 28 Tahun 2025 (I.I.1-411).pdf,386,85,An,gkutan Se,luruh,-M,ikro,Menengah N,IB dan 1.,Memiliki,3 Hari 1.,Melakukan,Lintas
50133,2.9 Lampiran I.I PP Nomor 28 Tahun 2025 (I.I.1-411).pdf,398,87,A,ngkutan,Pe,ngang-,-M,ikro,Menengah,NIB dan 1.,Menempati,3 Hari,1.
39000,2.9 Lampiran I.I PP Nomor 28 Tahun 2025 (I.I.1-411).pdf,406,88,Aktivitas,Perusahaan,-,Mikro,Menengah,NIB dan 1.,Perset,ujuan,15 Hari 1.,Melaporkan,-
44999,2.9 Lampiran I.I PP Nomor 28 Tahun 2025 (I.I.1-411).pdf,407,No 1,,,,,,,,,,,
47002,2.9 Lampiran I.I PP Nomor 28 Tahun 2025 (I.I.1-411).pdf,410,No 1,,,,,,,,,,,
